{
  "config": "c10_f5_cf1",
  "gap": 0.0009989437562147154,
  "gurobi_params": {
    "LogToConsole": 0,
    "MIPGap": 0.001,
    "OutputFlag": 1,
    "Threads": 1,
    "TimeLimit": 600
  },
  "instance_idx": 2,
  "n_scenarios": 10,
  "objective": -26408.200489250314,
  "opened_facilities": [
    0,
    1,
    3
  ],
  "solve_time": 1.0859520435333252,
  "status": 2
}