{
  "config": "c10_f10_cf4",
  "gap": 0.002483679326342861,
  "gurobi_params": {
    "LogToConsole": 0,
    "MIPGap": 0.001,
    "OutputFlag": 1,
    "Threads": 1,
    "TimeLimit": 600
  },
  "instance_idx": 1,
  "n_scenarios": 20,
  "objective": -23128.365607405598,
  "opened_facilities": [
    0,
    1,
    4,
    6,
    8
  ],
  "solve_time": 600.0231339931488,
  "status": 9
}