{
  "config": "c10_f10_cf1",
  "gap": 0.0009997147183283864,
  "gurobi_params": {
    "LogToConsole": 0,
    "MIPGap": 0.001,
    "OutputFlag": 1,
    "Threads": 1,
    "TimeLimit": 600
  },
  "instance_idx": 1,
  "n_scenarios": 20,
  "objective": -30147.456653625723,
  "opened_facilities": [
    0,
    2,
    7,
    8,
    9
  ],
  "solve_time": 598.4146621227264,
  "status": 2
}