{
  "config": "c10_f5_cf4",
  "gap": 0.0009994130095207074,
  "gurobi_params": {
    "LogToConsole": 0,
    "MIPGap": 0.001,
    "OutputFlag": 1,
    "Threads": 1,
    "TimeLimit": 600
  },
  "instance_idx": 1,
  "n_scenarios": 20,
  "objective": -21859.21405270857,
  "opened_facilities": [
    0,
    3
  ],
  "solve_time": 70.2150309085846,
  "status": 2
}