{
  "config": "c10_f10_cf1",
  "gap": 0.0009972900686247407,
  "gurobi_params": {
    "LogToConsole": 0,
    "MIPGap": 0.001,
    "OutputFlag": 1,
    "Threads": 1,
    "TimeLimit": 600
  },
  "instance_idx": 1,
  "n_scenarios": 10,
  "objective": -30308.335067238302,
  "opened_facilities": [
    0,
    2,
    7,
    8,
    9
  ],
  "solve_time": 28.07058310508728,
  "status": 2
}