{
  "config": "c10_f10_cf2",
  "gap": 0.0021923297126276334,
  "gurobi_params": {
    "LogToConsole": 0,
    "MIPGap": 0.001,
    "OutputFlag": 1,
    "Threads": 1,
    "TimeLimit": 600
  },
  "instance_idx": 2,
  "n_scenarios": 50,
  "objective": -23281.739157058997,
  "opened_facilities": [
    0,
    1,
    5,
    7,
    8
  ],
  "solve_time": 600.0040860176086,
  "status": 9
}