{
  "config": "c10_f10_cf2",
  "gap": 0.0009929190403494825,
  "gurobi_params": {
    "LogToConsole": 0,
    "MIPGap": 0.001,
    "OutputFlag": 1,
    "Threads": 1,
    "TimeLimit": 600
  },
  "instance_idx": 3,
  "n_scenarios": 10,
  "objective": -25653.264427642192,
  "opened_facilities": [
    0,
    2,
    3,
    4,
    8
  ],
  "solve_time": 6.102830171585083,
  "status": 2
}