{
  "config": "c10_f10_cf2",
  "gap": 0.0018155490771443262,
  "gurobi_params": {
    "LogToConsole": 0,
    "MIPGap": 0.001,
    "OutputFlag": 1,
    "Threads": 1,
    "TimeLimit": 600
  },
  "instance_idx": 3,
  "n_scenarios": 50,
  "objective": -25643.709321615297,
  "opened_facilities": [
    0,
    2,
    3,
    4,
    8
  ],
  "solve_time": 600.0039780139923,
  "status": 9
}