{
  "config": "c10_f10_cf4",
  "gap": 0.0015520665413928628,
  "gurobi_params": {
    "LogToConsole": 0,
    "MIPGap": 0.001,
    "OutputFlag": 1,
    "Threads": 1,
    "TimeLimit": 600
  },
  "instance_idx": 3,
  "n_scenarios": 50,
  "objective": -27692.420801321285,
  "opened_facilities": [
    0,
    1,
    5,
    8
  ],
  "solve_time": 600.003720998764,
  "status": 9
}