{
  "config": "c10_f5_cf3",
  "gap": 0.0010095557042973768,
  "gurobi_params": {
    "LogToConsole": 0,
    "MIPGap": 0.001,
    "OutputFlag": 1,
    "Threads": 1,
    "TimeLimit": 600
  },
  "instance_idx": 1,
  "n_scenarios": 20,
  "objective": -26698.4700962295,
  "opened_facilities": [
    0,
    4
  ],
  "solve_time": 600.0026748180389,
  "status": 9
}