{
  "config": "c10_f5_cf4",
  "gap": 0.0009995335143805123,
  "gurobi_params": {
    "LogToConsole": 0,
    "MIPGap": 0.001,
    "OutputFlag": 1,
    "Threads": 1,
    "TimeLimit": 600
  },
  "instance_idx": 3,
  "n_scenarios": 20,
  "objective": -26129.186462829253,
  "opened_facilities": [
    0,
    3,
    4
  ],
  "solve_time": 113.9498438835144,
  "status": 2
}