{
  "config": "c10_f5_cf4",
  "gap": 0.0009941937538866738,
  "gurobi_params": {
    "LogToConsole": 0,
    "MIPGap": 0.001,
    "OutputFlag": 1,
    "Threads": 1,
    "TimeLimit": 600
  },
  "instance_idx": 3,
  "n_scenarios": 10,
  "objective": -26188.26331990551,
  "opened_facilities": [
    0,
    3,
    4
  ],
  "solve_time": 11.290201663970947,
  "status": 2
}