{
  "config": "c10_f5_cf4",
  "gap": 0.0022744685079245162,
  "gurobi_params": {
    "LogToConsole": 0,
    "MIPGap": 0.001,
    "OutputFlag": 1,
    "Threads": 1,
    "TimeLimit": 600
  },
  "instance_idx": 3,
  "n_scenarios": 50,
  "objective": -26276.698521145787,
  "opened_facilities": [
    0,
    3,
    4
  ],
  "solve_time": 600.0020248889923,
  "status": 9
}