{
  "config": "c10_f10_cf2",
  "gap": 0.0009986685800239005,
  "gurobi_params": {
    "LogToConsole": 0,
    "MIPGap": 0.001,
    "OutputFlag": 1,
    "Threads": 1,
    "TimeLimit": 600
  },
  "instance_idx": 2,
  "n_scenarios": 20,
  "objective": -23197.075215661156,
  "opened_facilities": [
    0,
    1,
    5,
    7,
    8
  ],
  "solve_time": 245.014719247818,
  "status": 2
}