{
  "config": "c10_f5_cf1",
  "gap": 0.0012908876728057114,
  "gurobi_params": {
    "LogToConsole": 0,
    "MIPGap": 0.001,
    "OutputFlag": 1,
    "Threads": 1,
    "TimeLimit": 600
  },
  "instance_idx": 1,
  "n_scenarios": 50,
  "objective": -22490.68623066791,
  "opened_facilities": [
    0,
    3
  ],
  "solve_time": 600.0118670463562,
  "status": 9
}