{
  "config": "c10_f10_cf4",
  "gap": 0.002796108160574885,
  "gurobi_params": {
    "LogToConsole": 0,
    "MIPGap": 0.001,
    "OutputFlag": 1,
    "Threads": 1,
    "TimeLimit": 600
  },
  "instance_idx": 1,
  "n_scenarios": 50,
  "objective": -23401.76800391851,
  "opened_facilities": [
    0,
    1,
    4,
    6,
    8
  ],
  "solve_time": 600.0145981311798,
  "status": 9
}