{
  "config": "c10_f5_cf1",
  "gap": 0.0010859161650603518,
  "gurobi_params": {
    "LogToConsole": 0,
    "MIPGap": 0.001,
    "OutputFlag": 1,
    "Threads": 1,
    "TimeLimit": 600
  },
  "instance_idx": 1,
  "n_scenarios": 10,
  "objective": -22433.03547108558,
  "opened_facilities": [
    0,
    3
  ],
  "solve_time": 600.0933258533478,
  "status": 9
}