{
  "config": "c10_f5_cf2",
  "gap": 0.0009856865974162978,
  "gurobi_params": {
    "LogToConsole": 0,
    "MIPGap": 0.001,
    "OutputFlag": 1,
    "Threads": 1,
    "TimeLimit": 600
  },
  "instance_idx": 3,
  "n_scenarios": 50,
  "objective": -23360.52250937029,
  "opened_facilities": [
    0,
    1,
    2
  ],
  "solve_time": 9.989609956741333,
  "status": 2
}