{
  "config": "c10_f10_cf4",
  "gap": 0.0009982014265237655,
  "gurobi_params": {
    "LogToConsole": 0,
    "MIPGap": 0.001,
    "OutputFlag": 1,
    "Threads": 1,
    "TimeLimit": 600
  },
  "instance_idx": 2,
  "n_scenarios": 10,
  "objective": -22872.940070817873,
  "opened_facilities": [
    0,
    3,
    7,
    9
  ],
  "solve_time": 4.639396905899048,
  "status": 2
}