{
  "config": "c10_f10_cf2",
  "gap": 0.000995852480603713,
  "gurobi_params": {
    "LogToConsole": 0,
    "MIPGap": 0.001,
    "OutputFlag": 1,
    "Threads": 1,
    "TimeLimit": 600
  },
  "instance_idx": 2,
  "n_scenarios": 10,
  "objective": -23250.445462031923,
  "opened_facilities": [
    0,
    1,
    5,
    7,
    8
  ],
  "solve_time": 28.09594202041626,
  "status": 2
}