{
  "config": "c10_f5_cf2",
  "gap": 0.000995595690201791,
  "gurobi_params": {
    "LogToConsole": 0,
    "MIPGap": 0.001,
    "OutputFlag": 1,
    "Threads": 1,
    "TimeLimit": 600
  },
  "instance_idx": 2,
  "n_scenarios": 10,
  "objective": -20311.648772957895,
  "opened_facilities": [
    1,
    2,
    4
  ],
  "solve_time": 0.5846478939056396,
  "status": 2
}