{
  "config": "c10_f5_cf1",
  "gap": 0.0009952594608705256,
  "gurobi_params": {
    "LogToConsole": 0,
    "MIPGap": 0.001,
    "OutputFlag": 1,
    "Threads": 1,
    "TimeLimit": 600
  },
  "instance_idx": 2,
  "n_scenarios": 50,
  "objective": -26368.95381212848,
  "opened_facilities": [
    0,
    1,
    3
  ],
  "solve_time": 391.57501697540283,
  "status": 2
}