{
  "config": "c10_f5_cf3",
  "gap": 0.0009961137003862298,
  "gurobi_params": {
    "LogToConsole": 0,
    "MIPGap": 0.001,
    "OutputFlag": 1,
    "Threads": 1,
    "TimeLimit": 600
  },
  "instance_idx": 1,
  "n_scenarios": 10,
  "objective": -26614.063255409736,
  "opened_facilities": [
    0,
    3,
    4
  ],
  "solve_time": 23.136636972427368,
  "status": 2
}