{
  "config": "c10_f10_cf3",
  "gap": 0.0004432985555372681,
  "gurobi_params": {
    "LogToConsole": 0,
    "MIPGap": 0.001,
    "OutputFlag": 1,
    "Threads": 1,
    "TimeLimit": 600
  },
  "instance_idx": 2,
  "n_scenarios": 20,
  "objective": -26995.480482911335,
  "opened_facilities": [
    1,
    3,
    4,
    5,
    9
  ],
  "solve_time": 5.1247570514678955,
  "status": 2
}