{
  "config": "c10_f5_cf1",
  "gap": 0.004801499839410616,
  "gurobi_params": {
    "LogToConsole": 0,
    "MIPGap": 0.001,
    "OutputFlag": 1,
    "Threads": 1,
    "TimeLimit": 600
  },
  "instance_idx": 3,
  "n_scenarios": 50,
  "objective": -26911.601040177768,
  "opened_facilities": [
    0,
    3,
    4
  ],
  "solve_time": 600.0039010047913,
  "status": 9
}