{
  "config": "c10_f10_cf1",
  "gap": 0.0009975817963214734,
  "gurobi_params": {
    "LogToConsole": 0,
    "MIPGap": 0.001,
    "OutputFlag": 1,
    "Threads": 1,
    "TimeLimit": 600
  },
  "instance_idx": 2,
  "n_scenarios": 20,
  "objective": -24760.629048510917,
  "opened_facilities": [
    0,
    1,
    3,
    5,
    6
  ],
  "solve_time": 104.95287203788757,
  "status": 2
}