{
  "config": "c10_f10_cf1",
  "gap": 0.0009988499844387835,
  "gurobi_params": {
    "LogToConsole": 0,
    "MIPGap": 0.001,
    "OutputFlag": 1,
    "Threads": 1,
    "TimeLimit": 600
  },
  "instance_idx": 3,
  "n_scenarios": 10,
  "objective": -25983.90046115087,
  "opened_facilities": [
    0,
    2,
    6,
    7,
    8
  ],
  "solve_time": 78.10176301002502,
  "status": 2
}