{
  "config": "c10_f5_cf1",
  "gap": 0.001006772145499626,
  "gurobi_params": {
    "LogToConsole": 0,
    "MIPGap": 0.001,
    "OutputFlag": 1,
    "Threads": 1,
    "TimeLimit": 600
  },
  "instance_idx": 3,
  "n_scenarios": 20,
  "objective": -26856.06502617359,
  "opened_facilities": [
    0,
    3,
    4
  ],
  "solve_time": 600.0019538402557,
  "status": 9
}