{
  "config": "c10_f10_cf3",
  "gap": 0.0009998574421576035,
  "gurobi_params": {
    "LogToConsole": 0,
    "MIPGap": 0.001,
    "OutputFlag": 1,
    "Threads": 1,
    "TimeLimit": 600
  },
  "instance_idx": 1,
  "n_scenarios": 10,
  "objective": -25323.832750858917,
  "opened_facilities": [
    0,
    2,
    3,
    5,
    7
  ],
  "solve_time": 469.44190311431885,
  "status": 2
}