{
  "config": "c10_f10_cf2",
  "gap": 0.002257728473908335,
  "gurobi_params": {
    "LogToConsole": 0,
    "MIPGap": 0.001,
    "OutputFlag": 1,
    "Threads": 1,
    "TimeLimit": 600
  },
  "instance_idx": 1,
  "n_scenarios": 50,
  "objective": -22471.60480642456,
  "opened_facilities": [
    0,
    1,
    4,
    7
  ],
  "solve_time": 600.0033600330353,
  "status": 9
}