{
  "config": "c10_f10_cf4",
  "gap": 0.0009901725174964737,
  "gurobi_params": {
    "LogToConsole": 0,
    "MIPGap": 0.001,
    "OutputFlag": 1,
    "Threads": 1,
    "TimeLimit": 600
  },
  "instance_idx": 2,
  "n_scenarios": 20,
  "objective": -22793.370448122816,
  "opened_facilities": [
    0,
    3,
    7,
    9
  ],
  "solve_time": 301.84459495544434,
  "status": 2
}