{
  "config": "c10_f5_cf2",
  "gap": 0.0009155581288291761,
  "gurobi_params": {
    "LogToConsole": 0,
    "MIPGap": 0.001,
    "OutputFlag": 1,
    "Threads": 1,
    "TimeLimit": 600
  },
  "instance_idx": 3,
  "n_scenarios": 20,
  "objective": -23476.163331469495,
  "opened_facilities": [
    0,
    1,
    2
  ],
  "solve_time": 2.2030930519104004,
  "status": 2
}