{
  "config": "c10_f10_cf4",
  "gap": 0.00099418789330473,
  "gurobi_params": {
    "LogToConsole": 0,
    "MIPGap": 0.001,
    "OutputFlag": 1,
    "Threads": 1,
    "TimeLimit": 600
  },
  "instance_idx": 1,
  "n_scenarios": 10,
  "objective": -23429.91286462512,
  "opened_facilities": [
    0,
    1,
    4,
    6,
    8
  ],
  "solve_time": 10.721326112747192,
  "status": 2
}