{
  "config": "c10_f5_cf4",
  "gap": 0.0009833284217944651,
  "gurobi_params": {
    "LogToConsole": 0,
    "MIPGap": 0.001,
    "OutputFlag": 1,
    "Threads": 1,
    "TimeLimit": 600
  },
  "instance_idx": 2,
  "n_scenarios": 50,
  "objective": -25601.371840812473,
  "opened_facilities": [
    0,
    1,
    2
  ],
  "solve_time": 31.88976001739502,
  "status": 2
}