{
  "config": "c10_f5_cf1",
  "gap": 0.000980647233649865,
  "gurobi_params": {
    "LogToConsole": 0,
    "MIPGap": 0.001,
    "OutputFlag": 1,
    "Threads": 1,
    "TimeLimit": 600
  },
  "instance_idx": 3,
  "n_scenarios": 10,
  "objective": -26855.483842172147,
  "opened_facilities": [
    0,
    3,
    4
  ],
  "solve_time": 13.308681011199951,
  "status": 2
}