{
  "config": "c10_f10_cf1",
  "gap": 0.005222695118568881,
  "gurobi_params": {
    "LogToConsole": 0,
    "MIPGap": 0.001,
    "OutputFlag": 1,
    "Threads": 1,
    "TimeLimit": 600
  },
  "instance_idx": 2,
  "n_scenarios": 50,
  "objective": -24777.67326308327,
  "opened_facilities": [
    0,
    1,
    3,
    5,
    6
  ],
  "solve_time": 600.037709236145,
  "status": 9
}