{
  "config": "c10_f10_cf4",
  "gap": 0.0009994944250405534,
  "gurobi_params": {
    "LogToConsole": 0,
    "MIPGap": 0.001,
    "OutputFlag": 1,
    "Threads": 1,
    "TimeLimit": 600
  },
  "instance_idx": 3,
  "n_scenarios": 10,
  "objective": -27832.635104400648,
  "opened_facilities": [
    0,
    1,
    5,
    8
  ],
  "solve_time": 324.5991189479828,
  "status": 2
}