{
  "config": "c10_f5_cf3",
  "gap": 0.0009986855113061123,
  "gurobi_params": {
    "LogToConsole": 0,
    "MIPGap": 0.001,
    "OutputFlag": 1,
    "Threads": 1,
    "TimeLimit": 600
  },
  "instance_idx": 2,
  "n_scenarios": 10,
  "objective": -25982.409468595095,
  "opened_facilities": [
    0,
    2,
    3
  ],
  "solve_time": 20.91874098777771,
  "status": 2
}