{
  "config": "c10_f5_cf2",
  "gap": 0.000987559429247145,
  "gurobi_params": {
    "LogToConsole": 0,
    "MIPGap": 0.001,
    "OutputFlag": 1,
    "Threads": 1,
    "TimeLimit": 600
  },
  "instance_idx": 1,
  "n_scenarios": 20,
  "objective": -29902.16661025589,
  "opened_facilities": [
    1,
    2,
    3
  ],
  "solve_time": 2.009711265563965,
  "status": 2
}