{
  "config": "c10_f5_cf4",
  "gap": 0.0009999692598326904,
  "gurobi_params": {
    "LogToConsole": 0,
    "MIPGap": 0.001,
    "OutputFlag": 1,
    "Threads": 1,
    "TimeLimit": 600
  },
  "instance_idx": 1,
  "n_scenarios": 10,
  "objective": -21776.13862180227,
  "opened_facilities": [
    0,
    3
  ],
  "solve_time": 55.04691481590271,
  "status": 2
}