{
  "config": "c10_f10_cf4",
  "gap": 0.0009969499424875503,
  "gurobi_params": {
    "LogToConsole": 0,
    "MIPGap": 0.001,
    "OutputFlag": 1,
    "Threads": 1,
    "TimeLimit": 600
  },
  "instance_idx": 3,
  "n_scenarios": 20,
  "objective": -27797.765221164333,
  "opened_facilities": [
    0,
    1,
    5,
    8
  ],
  "solve_time": 274.3101689815521,
  "status": 2
}