{
  "config": "c10_f5_cf2",
  "gap": 0.0009863071513042348,
  "gurobi_params": {
    "LogToConsole": 0,
    "MIPGap": 0.001,
    "OutputFlag": 1,
    "Threads": 1,
    "TimeLimit": 600
  },
  "instance_idx": 3,
  "n_scenarios": 10,
  "objective": -23527.796407927075,
  "opened_facilities": [
    0,
    1,
    2
  ],
  "solve_time": 1.3378980159759521,
  "status": 2
}