{
  "config": "c10_f10_cf3",
  "gap": 0.0009988813620125363,
  "gurobi_params": {
    "LogToConsole": 0,
    "MIPGap": 0.001,
    "OutputFlag": 1,
    "Threads": 1,
    "TimeLimit": 600
  },
  "instance_idx": 2,
  "n_scenarios": 10,
  "objective": -27036.578741428868,
  "opened_facilities": [
    1,
    3,
    4,
    5,
    6
  ],
  "solve_time": 1.4400739669799805,
  "status": 2
}