{
  "config": "c10_f10_cf1",
  "gap": 0.0008914667409337087,
  "gurobi_params": {
    "LogToConsole": 0,
    "MIPGap": 0.001,
    "OutputFlag": 1,
    "Threads": 1,
    "TimeLimit": 600
  },
  "instance_idx": 1,
  "n_scenarios": 50,
  "objective": -30173.22454364202,
  "opened_facilities": [
    0,
    2,
    7,
    8,
    9
  ],
  "solve_time": 39.61507987976074,
  "status": 2
}