{
  "config": "c10_f10_cf3",
  "gap": 0.0006124514820174169,
  "gurobi_params": {
    "LogToConsole": 0,
    "MIPGap": 0.001,
    "OutputFlag": 1,
    "Threads": 1,
    "TimeLimit": 600
  },
  "instance_idx": 2,
  "n_scenarios": 50,
  "objective": -27014.576543480853,
  "opened_facilities": [
    1,
    3,
    4,
    5,
    9
  ],
  "solve_time": 16.688322067260742,
  "status": 2
}