{
  "config": "c10_f10_cf1",
  "gap": 0.006621728565127716,
  "gurobi_params": {
    "LogToConsole": 0,
    "MIPGap": 0.001,
    "OutputFlag": 1,
    "Threads": 1,
    "TimeLimit": 600
  },
  "instance_idx": 3,
  "n_scenarios": 50,
  "objective": -26004.676218188495,
  "opened_facilities": [
    0,
    2,
    6,
    7,
    8
  ],
  "solve_time": 600.0178108215332,
  "status": 9
}