{
  "config": "c10_f5_cf3",
  "gap": 0.0044823013112530365,
  "gurobi_params": {
    "LogToConsole": 0,
    "MIPGap": 0.001,
    "OutputFlag": 1,
    "Threads": 1,
    "TimeLimit": 600
  },
  "instance_idx": 2,
  "n_scenarios": 50,
  "objective": -25988.61186122861,
  "opened_facilities": [
    0,
    2,
    3
  ],
  "solve_time": 600.0026631355286,
  "status": 9
}