{
  "config": "c5_f10_cf1",
  "gap": 0.00025108025611299414,
  "gurobi_params": {
    "LogToConsole": 0,
    "MIPGap": 0.001,
    "OutputFlag": 1,
    "Threads": 1,
    "TimeLimit": 600
  },
  "instance_idx": 3,
  "n_scenarios": 20,
  "objective": -14723.065351789017,
  "opened_facilities": [
    2,
    4,
    5,
    7
  ],
  "solve_time": 0.12478804588317871,
  "status": 2
}