{
  "config": "c5_f10_cf1",
  "gap": 0.00369093796621223,
  "gurobi_params": {
    "LogToConsole": 0,
    "MIPGap": 0.001,
    "OutputFlag": 1,
    "Threads": 1,
    "TimeLimit": 600
  },
  "instance_idx": 1,
  "n_scenarios": 50,
  "objective": -10486.912301693466,
  "opened_facilities": [
    0,
    1,
    3,
    5,
    7
  ],
  "solve_time": 600.0017051696777,
  "status": 9
}