{
  "config": "c5_f10_cf1",
  "gap": 0.0011121129232443611,
  "gurobi_params": {
    "LogToConsole": 0,
    "MIPGap": 0.001,
    "OutputFlag": 1,
    "Threads": 1,
    "TimeLimit": 600
  },
  "instance_idx": 2,
  "n_scenarios": 20,
  "objective": -11130.631040559589,
  "opened_facilities": [
    2,
    3,
    8,
    9
  ],
  "solve_time": 600.0017428398132,
  "status": 9
}