{
  "config": "c5_f5_cf1",
  "gap": 0.00543132853387584,
  "gurobi_params": {
    "LogToConsole": 0,
    "MIPGap": 0.001,
    "OutputFlag": 1,
    "Threads": 1,
    "TimeLimit": 600
  },
  "instance_idx": 3,
  "n_scenarios": 20,
  "objective": -10356.939299196147,
  "opened_facilities": [
    2,
    3
  ],
  "solve_time": 600.0014379024506,
  "status": 9
}