{
  "config": "c5_f5_cf1",
  "gap": 0.0009773854104553612,
  "gurobi_params": {
    "LogToConsole": 0,
    "MIPGap": 0.001,
    "OutputFlag": 1,
    "Threads": 1,
    "TimeLimit": 600
  },
  "instance_idx": 2,
  "n_scenarios": 10,
  "objective": -10314.974990519868,
  "opened_facilities": [
    2,
    4
  ],
  "solve_time": 0.0713341236114502,
  "status": 2
}