{
  "config": "c5_f10_cf1",
  "gap": 0.0009999933024949256,
  "gurobi_params": {
    "LogToConsole": 0,
    "MIPGap": 0.001,
    "OutputFlag": 1,
    "Threads": 1,
    "TimeLimit": 600
  },
  "instance_idx": 1,
  "n_scenarios": 20,
  "objective": -10418.690110371821,
  "opened_facilities": [
    0,
    1,
    3,
    5,
    7
  ],
  "solve_time": 382.41799211502075,
  "status": 2
}