{
  "config": "c5_f10_cf1",
  "gap": 0.0009995273379508891,
  "gurobi_params": {
    "LogToConsole": 0,
    "MIPGap": 0.001,
    "OutputFlag": 1,
    "Threads": 1,
    "TimeLimit": 600
  },
  "instance_idx": 1,
  "n_scenarios": 10,
  "objective": -10474.744410096422,
  "opened_facilities": [
    0,
    1,
    3,
    5,
    7
  ],
  "solve_time": 14.855831861495972,
  "status": 2
}