{
  "config": "c5_f10_cf1",
  "gap": 0.0005824685547019441,
  "gurobi_params": {
    "LogToConsole": 0,
    "MIPGap": 0.001,
    "OutputFlag": 1,
    "Threads": 1,
    "TimeLimit": 600
  },
  "instance_idx": 3,
  "n_scenarios": 10,
  "objective": -14754.059590009476,
  "opened_facilities": [
    2,
    4,
    5,
    7
  ],
  "solve_time": 0.07168889045715332,
  "status": 2
}