{
  "config": "c5_f10_cf1",
  "gap": 0.0020206495113328734,
  "gurobi_params": {
    "LogToConsole": 0,
    "MIPGap": 0.001,
    "OutputFlag": 1,
    "Threads": 1,
    "TimeLimit": 600
  },
  "instance_idx": 2,
  "n_scenarios": 50,
  "objective": -11125.66699471987,
  "opened_facilities": [
    2,
    3,
    8,
    9
  ],
  "solve_time": 600.0023312568665,
  "status": 9
}