{
  "config": "c5_f10_cf1",
  "gap": 0.0002335286380003117,
  "gurobi_params": {
    "LogToConsole": 0,
    "MIPGap": 0.001,
    "OutputFlag": 1,
    "Threads": 1,
    "TimeLimit": 600
  },
  "instance_idx": 3,
  "n_scenarios": 50,
  "objective": -14666.000182928508,
  "opened_facilities": [
    2,
    4,
    5,
    7
  ],
  "solve_time": 0.33548402786254883,
  "status": 2
}