{
  "config": "c5_f5_cf1",
  "gap": 0.01385190300842508,
  "gurobi_params": {
    "LogToConsole": 0,
    "MIPGap": 0.001,
    "OutputFlag": 1,
    "Threads": 1,
    "TimeLimit": 600
  },
  "instance_idx": 3,
  "n_scenarios": 50,
  "objective": -10325.10051604566,
  "opened_facilities": [
    2,
    3
  ],
  "solve_time": 600.0042519569397,
  "status": 9
}