{
  "config": "c10_f10_cf1",
  "gap_vs_optimal": 0.030908164551195275,
  "instance_idx": 1,
  "iterations": 100,
  "n_facilities": 5,
  "n_scenarios": 10,
  "objective": -17974.795237552917,
  "opened_facilities": [
    1,
    2,
    3,
    5,
    8
  ],
  "ph_params": {
    "alpha": 0.1,
    "max_iter": 100,
    "rho": 5000.0,
    "tol": 0.0001
  },
  "solve_time": 250.18474769592285,
  "status": "max_iter"
}