{
  "config": "c10_f10_cf1",
  "gap_vs_optimal": 0.032433355038375244,
  "instance_idx": 2,
  "iterations": 4,
  "n_facilities": 5,
  "n_scenarios": 10,
  "objective": -18773.434028082767,
  "opened_facilities": [
    0,
    3,
    4,
    6,
    8
  ],
  "ph_params": {
    "alpha": 0.1,
    "max_iter": 100,
    "rho": 5000.0,
    "tol": 0.0001
  },
  "solve_time": 35.01252508163452,
  "status": "converged"
}