{
  "config": "c10_f5_cf1",
  "gap_vs_optimal": 0.03464419252346591,
  "instance_idx": 3,
  "iterations": 2,
  "n_facilities": 2,
  "n_scenarios": 50,
  "objective": -15755.30490732938,
  "opened_facilities": [
    0,
    4
  ],
  "ph_params": {
    "alpha": 0.1,
    "max_iter": 100,
    "rho": 5000.0,
    "tol": 0.0001
  },
  "solve_time": 352.6159007549286,
  "status": "converged"
}