{
  "config": "c10_f5_cf1",
  "gap_vs_optimal": -7.234454239587627e-05,
  "instance_idx": 1,
  "iterations": 4,
  "n_facilities": 3,
  "n_scenarios": 10,
  "objective": -17197.130145193783,
  "opened_facilities": [
    0,
    1,
    3
  ],
  "ph_params": {
    "alpha": 0.1,
    "max_iter": 100,
    "rho": 5000.0,
    "tol": 0.0001
  },
  "solve_time": 16.47974181175232,
  "status": "converged"
}