{
  "config": "c10_f10_cf1",
  "gap_vs_optimal": 0.06497895302196416,
  "instance_idx": 3,
  "iterations": 4,
  "n_facilities": 3,
  "n_scenarios": 50,
  "objective": -15048.554910670191,
  "opened_facilities": [
    1,
    3,
    7
  ],
  "ph_params": {
    "alpha": 0.1,
    "max_iter": 100,
    "rho": 5000.0,
    "tol": 0.0001
  },
  "solve_time": 204.27368783950806,
  "status": "converged"
}