{
  "config": "c10_f5_cf1",
  "gap_vs_optimal": 0.0363845558593653,
  "instance_idx": 2,
  "iterations": 2,
  "n_facilities": 2,
  "n_scenarios": 20,
  "objective": -20092.99008605808,
  "opened_facilities": [
    2,
    3
  ],
  "ph_params": {
    "alpha": 0.1,
    "max_iter": 100,
    "rho": 5000.0,
    "tol": 0.0001
  },
  "solve_time": 29.903316974639893,
  "status": "converged"
}