{
  "config": "c10_f5_cf1",
  "gap_vs_optimal": -8.639942844222068e-05,
  "instance_idx": 1,
  "iterations": 3,
  "n_facilities": 3,
  "n_scenarios": 50,
  "objective": -17153.34381593528,
  "opened_facilities": [
    0,
    1,
    3
  ],
  "ph_params": {
    "alpha": 0.1,
    "max_iter": 100,
    "rho": 5000.0,
    "tol": 0.0001
  },
  "solve_time": 86.19905710220337,
  "status": "converged"
}