{
  "config": "c10_f5_cf1",
  "gap_vs_optimal": 0.033459509858606504,
  "instance_idx": 3,
  "iterations": 1,
  "n_facilities": 2,
  "n_scenarios": 10,
  "objective": -15737.137266960122,
  "opened_facilities": [
    0,
    4
  ],
  "ph_params": {
    "alpha": 0.1,
    "max_iter": 100,
    "rho": 5000.0,
    "tol": 0.0001
  },
  "solve_time": 13.274481296539307,
  "status": "converged"
}