{
  "config": "c10_f10_cf1",
  "gap_vs_optimal": 0.03290628434163944,
  "instance_idx": 2,
  "iterations": 4,
  "n_facilities": 4,
  "n_scenarios": 50,
  "objective": -18741.241231472384,
  "opened_facilities": [
    0,
    3,
    4,
    6
  ],
  "ph_params": {
    "alpha": 0.1,
    "max_iter": 100,
    "rho": 5000.0,
    "tol": 0.0001
  },
  "solve_time": 183.0163929462433,
  "status": "converged"
}