{
  "config": "c10_f5_cf1",
  "gap_vs_optimal": 0.04314958947838531,
  "instance_idx": 3,
  "iterations": 1,
  "n_facilities": 2,
  "n_scenarios": 20,
  "objective": -15693.648804931556,
  "opened_facilities": [
    0,
    4
  ],
  "ph_params": {
    "alpha": 0.1,
    "max_iter": 100,
    "rho": 5000.0,
    "tol": 0.0001
  },
  "solve_time": 21.486753940582275,
  "status": "converged"
}