{
  "config": "c10_f10_cf1",
  "gap_vs_optimal": 0.016576294125577335,
  "instance_idx": 3,
  "iterations": 6,
  "n_facilities": 4,
  "n_scenarios": 10,
  "objective": -15775.07199027557,
  "opened_facilities": [
    0,
    1,
    3,
    8
  ],
  "ph_params": {
    "alpha": 0.1,
    "max_iter": 100,
    "rho": 5000.0,
    "tol": 0.0001
  },
  "solve_time": 67.03472185134888,
  "status": "converged"
}