{
  "config": "c10_f5_cf1",
  "gap_vs_optimal": 0.04275473842934184,
  "instance_idx": 2,
  "iterations": 2,
  "n_facilities": 2,
  "n_scenarios": 50,
  "objective": -20059.76850178869,
  "opened_facilities": [
    2,
    3
  ],
  "ph_params": {
    "alpha": 0.1,
    "max_iter": 100,
    "rho": 5000.0,
    "tol": 0.0001
  },
  "solve_time": 80.12463283538818,
  "status": "converged"
}