{
  "config": "c10_f10_cf1",
  "gap_vs_optimal": 8.112535759083334e-11,
  "instance_idx": 1,
  "iterations": 6,
  "n_facilities": 5,
  "n_scenarios": 50,
  "objective": -18540.94172564903,
  "opened_facilities": [
    1,
    3,
    5,
    6,
    8
  ],
  "ph_params": {
    "alpha": 0.1,
    "max_iter": 100,
    "rho": 5000.0,
    "tol": 0.0001
  },
  "solve_time": 190.57759404182434,
  "status": "converged"
}