{
  "config": "c10_f5_cf1",
  "gap_vs_optimal": 0.035979594523164585,
  "instance_idx": 2,
  "iterations": 2,
  "n_facilities": 2,
  "n_scenarios": 10,
  "objective": -20119.36981111497,
  "opened_facilities": [
    2,
    3
  ],
  "ph_params": {
    "alpha": 0.1,
    "max_iter": 100,
    "rho": 5000.0,
    "tol": 0.0001
  },
  "solve_time": 17.892433881759644,
  "status": "converged"
}