{
  "config": "c10_f10_cf1",
  "gap_vs_optimal": 0.01135818277236205,
  "instance_idx": 3,
  "iterations": 3,
  "n_facilities": 4,
  "n_scenarios": 20,
  "objective": -15951.212148169323,
  "opened_facilities": [
    0,
    1,
    3,
    4
  ],
  "ph_params": {
    "alpha": 0.1,
    "max_iter": 100,
    "rho": 5000.0,
    "tol": 0.0001
  },
  "solve_time": 135.1624879837036,
  "status": "converged"
}