{
  "config": "c5_f5_cf1",
  "gap_vs_optimal": 0.04691008318098159,
  "instance_idx": 2,
  "iterations": 4,
  "n_facilities": 3,
  "n_scenarios": 20,
  "objective": -6913.085381180141,
  "opened_facilities": [
    0,
    3,
    4
  ],
  "ph_params": {
    "alpha": 0.1,
    "max_iter": 100,
    "rho": 5000.0,
    "tol": 0.0001
  },
  "solve_time": 7.719949007034302,
  "status": "converged"
}