{
  "config": "c5_f10_cf1",
  "gap_vs_optimal": 0.11468731295830788,
  "instance_idx": 1,
  "iterations": 1,
  "n_facilities": 2,
  "n_scenarios": 10,
  "objective": -9088.287519474667,
  "opened_facilities": [
    0,
    2
  ],
  "ph_params": {
    "alpha": 0.1,
    "max_iter": 100,
    "rho": 5000.0,
    "tol": 0.0001
  },
  "solve_time": 0.7368636131286621,
  "status": "converged"
}