{
  "config": "c5_f5_cf1",
  "gap_vs_optimal": 0.004156198482861329,
  "instance_idx": 3,
  "iterations": 7,
  "n_facilities": 2,
  "n_scenarios": 50,
  "objective": -6559.885419986107,
  "opened_facilities": [
    3,
    4
  ],
  "ph_params": {
    "alpha": 0.1,
    "max_iter": 100,
    "rho": 5000.0,
    "tol": 0.0001
  },
  "solve_time": 35.02452731132507,
  "status": "converged"
}