{
  "config": "c5_f10_cf1",
  "gap_vs_optimal": 0.013622209321202852,
  "instance_idx": 1,
  "iterations": 7,
  "n_facilities": 3,
  "n_scenarios": 50,
  "objective": -10124.388907497674,
  "opened_facilities": [
    0,
    2,
    6
  ],
  "ph_params": {
    "alpha": 0.1,
    "max_iter": 100,
    "rho": 5000.0,
    "tol": 0.0001
  },
  "solve_time": 53.83508491516113,
  "status": "converged"
}