{
  "config": "c5_f10_cf1",
  "gap_vs_optimal": 0.023612732502719922,
  "instance_idx": 2,
  "iterations": 3,
  "n_facilities": 4,
  "n_scenarios": 10,
  "objective": -10486.731170102292,
  "opened_facilities": [
    0,
    1,
    2,
    3
  ],
  "ph_params": {
    "alpha": 0.1,
    "max_iter": 100,
    "rho": 5000.0,
    "tol": 0.0001
  },
  "solve_time": 4.210028886795044,
  "status": "converged"
}