{
  "config": "c5_f5_cf1",
  "gap_vs_optimal": 1.5655006921149584e-10,
  "instance_idx": 1,
  "iterations": 4,
  "n_facilities": 3,
  "n_scenarios": 10,
  "objective": -12803.181605607402,
  "opened_facilities": [
    1,
    2,
    3
  ],
  "ph_params": {
    "alpha": 0.1,
    "max_iter": 100,
    "rho": 5000.0,
    "tol": 0.0001
  },
  "solve_time": 3.6326730251312256,
  "status": "converged"
}