{
  "config": "c5_f10_cf1",
  "gap_vs_optimal": 0.02471422274201812,
  "instance_idx": 2,
  "iterations": 6,
  "n_facilities": 4,
  "n_scenarios": 20,
  "objective": -10409.83551671563,
  "opened_facilities": [
    0,
    1,
    2,
    3
  ],
  "ph_params": {
    "alpha": 0.1,
    "max_iter": 100,
    "rho": 5000.0,
    "tol": 0.0001
  },
  "solve_time": 17.53531002998352,
  "status": "converged"
}