{
  "config": "c5_f5_cf1",
  "gap_vs_optimal": 0.0056771996404815905,
  "instance_idx": 3,
  "iterations": 5,
  "n_facilities": 2,
  "n_scenarios": 20,
  "objective": -6531.969022168474,
  "opened_facilities": [
    0,
    4
  ],
  "ph_params": {
    "alpha": 0.1,
    "max_iter": 100,
    "rho": 5000.0,
    "tol": 0.0001
  },
  "solve_time": 10.455816745758057,
  "status": "converged"
}