{
  "config": "c5_f5_cf1",
  "gap_vs_optimal": 0.03720386454672568,
  "instance_idx": 1,
  "iterations": 5,
  "n_facilities": 4,
  "n_scenarios": 50,
  "objective": -12334.159579488201,
  "opened_facilities": [
    0,
    1,
    2,
    3
  ],
  "ph_params": {
    "alpha": 0.1,
    "max_iter": 100,
    "rho": 5000.0,
    "tol": 0.0001
  },
  "solve_time": 21.70549511909485,
  "status": "converged"
}