{
  "config": "c5_f10_cf1",
  "gap_vs_optimal": 0.1411214541490517,
  "instance_idx": 3,
  "iterations": 3,
  "n_facilities": 4,
  "n_scenarios": 20,
  "objective": -5147.633262742966,
  "opened_facilities": [
    0,
    5,
    7,
    9
  ],
  "ph_params": {
    "alpha": 0.1,
    "max_iter": 100,
    "rho": 5000.0,
    "tol": 0.0001
  },
  "solve_time": 6.057787895202637,
  "status": "converged"
}