{
  "config": "c5_f5_cf1",
  "gap_vs_optimal": 0.06379421753087877,
  "instance_idx": 2,
  "iterations": 6,
  "n_facilities": 3,
  "n_scenarios": 50,
  "objective": -6897.1619604290845,
  "opened_facilities": [
    0,
    3,
    4
  ],
  "ph_params": {
    "alpha": 0.1,
    "max_iter": 100,
    "rho": 5000.0,
    "tol": 0.0001
  },
  "solve_time": 27.53963017463684,
  "status": "converged"
}