{
  "config": "c5_f10_cf1",
  "gap_vs_optimal": 0.12999009105070247,
  "instance_idx": 3,
  "iterations": 4,
  "n_facilities": 4,
  "n_scenarios": 50,
  "objective": -5102.152858461835,
  "opened_facilities": [
    0,
    5,
    7,
    9
  ],
  "ph_params": {
    "alpha": 0.1,
    "max_iter": 100,
    "rho": 5000.0,
    "tol": 0.0001
  },
  "solve_time": 20.7176411151886,
  "status": "converged"
}