{
  "config": "c5_f10_cf1",
  "gap_vs_optimal": 0.1386130699848363,
  "instance_idx": 3,
  "iterations": 3,
  "n_facilities": 4,
  "n_scenarios": 10,
  "objective": -5009.445858457263,
  "opened_facilities": [
    0,
    1,
    8,
    9
  ],
  "ph_params": {
    "alpha": 0.1,
    "max_iter": 100,
    "rho": 5000.0,
    "tol": 0.0001
  },
  "solve_time": 3.684096097946167,
  "status": "converged"
}