{
  "config": "c5_f10_cf1",
  "gap_vs_optimal": 0.010509073790631564,
  "instance_idx": 1,
  "iterations": 4,
  "n_facilities": 4,
  "n_scenarios": 20,
  "objective": -10077.812156571164,
  "opened_facilities": [
    0,
    1,
    2,
    6
  ],
  "ph_params": {
    "alpha": 0.1,
    "max_iter": 100,
    "rho": 5000.0,
    "tol": 0.0001
  },
  "solve_time": 8.849624156951904,
  "status": "converged"
}