{
  "config": "c10_f5_cf3",
  "final_p": {
    "0": 50.179970634376744,
    "1": 50.19708560201823,
    "2": 50.19526621336885,
    "3": 50.18375121088885,
    "4": 50.181120174736805,
    "5": 50.189372163476655,
    "6": 50.19198090476307,
    "7": 50.20702017748527,
    "8": 50.18754602328081,
    "9": 50.18354020324133
  },
  "instance_idx": 1,
  "iterations": 4,
  "n_facilities": 4,
  "n_scenarios": 10,
  "objective": -25163.484692483446,
  "opened_facilities": [
    0,
    2,
    3,
    4
  ],
  "ph_params": {
    "alpha": 0.1,
    "max_iter": 100,
    "rho": 5000.0,
    "tol": 0.0001
  },
  "solve_time": 4.247055292129517,
  "status": "converged"
}