{
  "config": "c10_f5_cf1",
  "final_p": {
    "0": 50.0778294103771,
    "1": 50.04751024322575,
    "2": 50.0383640194222,
    "3": 50.062576825083234,
    "4": 50.059128299285426,
    "5": 50.04478969397725,
    "6": 50.04423374851809,
    "7": 50.0443167345458,
    "8": 50.05421644652914,
    "9": 50.03369050281595
  },
  "instance_idx": 1,
  "iterations": 5,
  "n_facilities": 3,
  "n_scenarios": 10,
  "objective": -21241.58589963856,
  "opened_facilities": [
    0,
    2,
    3
  ],
  "ph_params": {
    "alpha": 0.1,
    "max_iter": 100,
    "rho": 5000.0,
    "tol": 0.0001
  },
  "solve_time": 8.600344181060791,
  "status": "converged"
}