{
  "config": "c10_f5_cf1",
  "gap_vs_optimal": 1.7998322662658357e-10,
  "instance_idx": 1,
  "iterations": 1,
  "n_facilities": 2,
  "n_scenarios": 50,
  "objective": -22490.686226619964,
  "opened_facilities": [
    0,
    3
  ],
  "ph_params": {
    "alpha": 0.1,
    "max_iter": 100,
    "rho": 5000.0,
    "tol": 0.0001
  },
  "solve_time": 84.85589003562927,
  "status": "converged"
}