{
  "config": "c10_f5_cf2",
  "final_p": {
    "0": 50.22107136892077,
    "1": 50.214568946203194,
    "2": 50.21862734095387,
    "3": 50.2206570735939,
    "4": 50.215848239347025,
    "5": 50.21543530640667,
    "6": 50.21762385011459,
    "7": 50.21243103804845,
    "8": 50.219107513487884,
    "9": 50.21502275388577
  },
  "instance_idx": 2,
  "iterations": 4,
  "n_facilities": 4,
  "n_scenarios": 20,
  "objective": -19214.833911254416,
  "opened_facilities": [
    1,
    2,
    3,
    4
  ],
  "ph_params": {
    "alpha": 0.1,
    "max_iter": 100,
    "rho": 5000.0,
    "tol": 0.0001
  },
  "solve_time": 7.212308883666992,
  "status": "converged"
}