{
  "config": "c10_f5_cf1",
  "gap_vs_optimal": 0.01853145837319857,
  "instance_idx": 2,
  "iterations": 4,
  "n_facilities": 3,
  "n_scenarios": 50,
  "objective": -25880.298642214224,
  "opened_facilities": [
    0,
    2,
    3
  ],
  "ph_params": {
    "alpha": 0.1,
    "max_iter": 100,
    "rho": 5000.0,
    "tol": 0.0001
  },
  "solve_time": 228.50043201446533,
  "status": "converged"
}