{
  "config": "c10_f10_cf1",
  "gap_vs_optimal": 0.017930234793283675,
  "instance_idx": 3,
  "iterations": 4,
  "n_facilities": 5,
  "n_scenarios": 20,
  "objective": -25538.069028371196,
  "opened_facilities": [
    0,
    2,
    3,
    6,
    7
  ],
  "ph_params": {
    "alpha": 0.1,
    "max_iter": 100,
    "rho": 5000.0,
    "tol": 0.0001
  },
  "solve_time": 64.00266599655151,
  "status": "converged"
}