{
  "config": "c10_f5_cf2",
  "final_p": {
    "0": 50.214857925284136,
    "1": 50.215900686907915,
    "2": 50.232500685645164,
    "3": 50.22667919344996,
    "4": 50.23179749177936,
    "5": 50.22080798148778,
    "6": 50.22935522314167,
    "7": 50.2202607830564,
    "8": 50.23686398471823,
    "9": 50.21129357498393
  },
  "instance_idx": 3,
  "iterations": 4,
  "n_facilities": 3,
  "n_scenarios": 50,
  "objective": -21554.919133341376,
  "opened_facilities": [
    0,
    1,
    2
  ],
  "ph_params": {
    "alpha": 0.1,
    "max_iter": 100,
    "rho": 5000.0,
    "tol": 0.0001
  },
  "solve_time": 19.138792991638184,
  "status": "converged"
}