{
  "config": "c10_f5_cf1",
  "gap_vs_optimal": 0.008719135482628041,
  "instance_idx": 3,
  "iterations": 2,
  "n_facilities": 2,
  "n_scenarios": 10,
  "objective": -26621.32724010072,
  "opened_facilities": [
    0,
    3
  ],
  "ph_params": {
    "alpha": 0.1,
    "max_iter": 100,
    "rho": 5000.0,
    "tol": 0.0001
  },
  "solve_time": 13.596391201019287,
  "status": "converged"
}