{
  "config": "c10_f5_cf1",
  "final_p": {
    "0": 49.99320237593215,
    "1": 49.93548963707976,
    "2": 49.92873890543319,
    "3": 49.97000743930572,
    "4": 49.917548998797415,
    "5": 49.83148531293971,
    "6": 49.90052575524738,
    "7": 49.91456728676346,
    "8": 49.928596427092565,
    "9": 49.95740914511655
  },
  "instance_idx": 1,
  "iterations": 8,
  "n_facilities": 3,
  "n_scenarios": 20,
  "objective": -21129.987459595035,
  "opened_facilities": [
    0,
    2,
    3
  ],
  "ph_params": {
    "alpha": 0.1,
    "max_iter": 100,
    "rho": 5000.0,
    "tol": 0.0001
  },
  "solve_time": 26.063499212265015,
  "status": "converged"
}