{
  "config": "c10_f5_cf4",
  "final_p": {
    "0": 50.38515847898215,
    "1": 50.38241185768502,
    "2": 50.37915528723146,
    "3": 50.392193658572445,
    "4": 50.38294575612218,
    "5": 50.38284869937314,
    "6": 50.38100600840958,
    "7": 50.382715705680994,
    "8": 50.38066502433965,
    "9": 50.382063925517635
  },
  "instance_idx": 1,
  "iterations": 100,
  "n_facilities": 4,
  "n_scenarios": 50,
  "objective": -19808.757828096914,
  "opened_facilities": [
    0,
    1,
    2,
    3
  ],
  "ph_params": {
    "alpha": 0.1,
    "max_iter": 100,
    "rho": 5000.0,
    "tol": 0.0001
  },
  "solve_time": 293.7144498825073,
  "status": "max_iter"
}