{
  "config": "c10_f5_cf3",
  "final_p": {
    "0": 50.11623466364726,
    "1": 50.12093163408413,
    "2": 50.12252974772087,
    "3": 50.12237986383057,
    "4": 50.119127588659985,
    "5": 50.1175569961281,
    "6": 50.122110444698954,
    "7": 50.118211703537135,
    "8": 50.12020242689148,
    "9": 50.125744799036724
  },
  "instance_idx": 3,
  "iterations": 4,
  "n_facilities": 4,
  "n_scenarios": 50,
  "objective": -20961.535588377163,
  "opened_facilities": [
    1,
    2,
    3,
    4
  ],
  "ph_params": {
    "alpha": 0.1,
    "max_iter": 100,
    "rho": 5000.0,
    "tol": 0.0001
  },
  "solve_time": 24.363205909729004,
  "status": "converged"
}