{
  "config": "c10_f5_cf2",
  "final_p": {
    "0": 50.31648051038329,
    "1": 50.30436195522111,
    "2": 50.306884161361985,
    "3": 50.3206620937219,
    "4": 50.323658336753404,
    "5": 50.30466981472722,
    "6": 50.31467829554593,
    "7": 50.31800543023441,
    "8": 50.33130074095183,
    "9": 50.30361743478892
  },
  "instance_idx": 1,
  "iterations": 5,
  "n_facilities": 3,
  "n_scenarios": 50,
  "objective": -28938.709534362148,
  "opened_facilities": [
    1,
    2,
    3
  ],
  "ph_params": {
    "alpha": 0.1,
    "max_iter": 100,
    "rho": 5000.0,
    "tol": 0.0001
  },
  "solve_time": 9.875730991363525,
  "status": "converged"
}