{
  "config": "c10_f5_cf4",
  "final_p": {
    "0": 50.29809979813503,
    "1": 50.30229349806689,
    "2": 50.31306841300189,
    "3": 50.3101536242183,
    "4": 50.2997951707267,
    "5": 50.305179259635366,
    "6": 50.3093423562165,
    "7": 50.298776299025455,
    "8": 50.31039204448567,
    "9": 50.30697943579214
  },
  "instance_idx": 3,
  "iterations": 5,
  "n_facilities": 4,
  "n_scenarios": 50,
  "objective": -24854.810450504425,
  "opened_facilities": [
    0,
    2,
    3,
    4
  ],
  "ph_params": {
    "alpha": 0.1,
    "max_iter": 100,
    "rho": 5000.0,
    "tol": 0.0001
  },
  "solve_time": 14.196799039840698,
  "status": "converged"
}