{
  "config": "c10_f10_cf1",
  "gap_vs_optimal": 0.0305548681232415,
  "instance_idx": 2,
  "iterations": 4,
  "n_facilities": 5,
  "n_scenarios": 50,
  "objective": -24020.594724128994,
  "opened_facilities": [
    2,
    3,
    4,
    5,
    7
  ],
  "ph_params": {
    "alpha": 0.1,
    "max_iter": 100,
    "rho": 5000.0,
    "tol": 0.0001
  },
  "solve_time": 161.97313976287842,
  "status": "converged"
}