{
  "config": "c10_f5_cf3",
  "final_p": {
    "0": 50.22769883748195,
    "1": 50.244866365056566,
    "2": 50.241998130126206,
    "3": 50.23142944923428,
    "4": 50.22885579972297,
    "5": 50.23705523452281,
    "6": 50.23850997371328,
    "7": 50.25342235150184,
    "8": 50.23524712299639,
    "9": 50.230677610624014
  },
  "instance_idx": 1,
  "iterations": 4,
  "n_facilities": 4,
  "n_scenarios": 20,
  "objective": -25208.803460064737,
  "opened_facilities": [
    0,
    2,
    3,
    4
  ],
  "ph_params": {
    "alpha": 0.1,
    "max_iter": 100,
    "rho": 5000.0,
    "tol": 0.0001
  },
  "solve_time": 8.307292938232422,
  "status": "converged"
}