{
  "config": "c10_f10_cf1",
  "final_p": {
    "0": 50.12060909856012,
    "1": 50.12534741726413,
    "2": 50.096767978619155,
    "3": 50.120950853893355,
    "4": 50.12055128339819,
    "5": 50.11485664905332,
    "6": 50.13109354063101,
    "7": 50.11019224457078,
    "8": 50.15098633167556,
    "9": 50.11621277939291
  },
  "instance_idx": 3,
  "iterations": 7,
  "n_facilities": 6,
  "n_scenarios": 10,
  "objective": -24574.859740804204,
  "opened_facilities": [
    0,
    2,
    3,
    6,
    7,
    8
  ],
  "ph_params": {
    "alpha": 0.1,
    "max_iter": 100,
    "rho": 5000.0,
    "tol": 0.0001
  },
  "solve_time": 13.676036834716797,
  "status": "converged"
}