{
  "config": "c10_f5_cf3",
  "final_p": {
    "0": 50.16396309042398,
    "1": 50.16859662920394,
    "2": 50.17022333124568,
    "3": 50.17005750568128,
    "4": 50.166849484773536,
    "5": 50.16526804759881,
    "6": 50.16976651570207,
    "7": 50.16591311240896,
    "8": 50.16790009428648,
    "9": 50.17343652269783
  },
  "instance_idx": 3,
  "iterations": 4,
  "n_facilities": 4,
  "n_scenarios": 20,
  "objective": -20981.93821129216,
  "opened_facilities": [
    1,
    2,
    3,
    4
  ],
  "ph_params": {
    "alpha": 0.1,
    "max_iter": 100,
    "rho": 5000.0,
    "tol": 0.0001
  },
  "solve_time": 9.664940118789673,
  "status": "converged"
}