{
  "config": "c10_f10_cf1",
  "gap_vs_optimal": 0.0028472632436012417,
  "instance_idx": 1,
  "iterations": 6,
  "n_facilities": 4,
  "n_scenarios": 20,
  "objective": -30061.618908407792,
  "opened_facilities": [
    0,
    1,
    7,
    8
  ],
  "ph_params": {
    "alpha": 0.1,
    "max_iter": 100,
    "rho": 5000.0,
    "tol": 0.0001
  },
  "solve_time": 91.2499668598175,
  "status": "converged"
}