{
  "config": "c10_f5_cf3",
  "final_p": {
    "0": 50.205427899854826,
    "1": 50.222522776155934,
    "2": 50.220391438701526,
    "3": 50.2091784403219,
    "4": 50.206575065339294,
    "5": 50.21475538920211,
    "6": 50.217063989326185,
    "7": 50.231978337347755,
    "8": 50.21296239128474,
    "9": 50.20880736767998
  },
  "instance_idx": 1,
  "iterations": 4,
  "n_facilities": 4,
  "n_scenarios": 50,
  "objective": -25189.701675792192,
  "opened_facilities": [
    0,
    2,
    3,
    4
  ],
  "ph_params": {
    "alpha": 0.1,
    "max_iter": 100,
    "rho": 5000.0,
    "tol": 0.0001
  },
  "solve_time": 22.33510398864746,
  "status": "converged"
}