{
  "config": "c10_f5_cf1",
  "final_p": {
    "0": 50.049553689244604,
    "1": 50.05251144609849,
    "2": 50.05750476426782,
    "3": 50.053685079760854,
    "4": 50.04982573880829,
    "5": 50.0522377022763,
    "6": 50.05461250051508,
    "7": 50.04821187886499,
    "8": 50.05478996943649,
    "9": 50.05276423073978
  },
  "instance_idx": 3,
  "iterations": 3,
  "n_facilities": 3,
  "n_scenarios": 50,
  "objective": -26147.28840970085,
  "opened_facilities": [
    0,
    3,
    4
  ],
  "ph_params": {
    "alpha": 0.1,
    "max_iter": 100,
    "rho": 5000.0,
    "tol": 0.0001
  },
  "solve_time": 19.732095956802368,
  "status": "converged"
}