{
  "config": "c10_f5_cf2",
  "final_p": {
    "0": 50.33771335281048,
    "1": 50.32977634591811,
    "2": 50.3304272226373,
    "3": 50.34038286509649,
    "4": 50.342273249049676,
    "5": 50.33043424148357,
    "6": 50.33595936146854,
    "7": 50.33858918357168,
    "8": 50.34759691655185,
    "9": 50.329448664705524
  },
  "instance_idx": 1,
  "iterations": 4,
  "n_facilities": 3,
  "n_scenarios": 20,
  "objective": -29029.726954633003,
  "opened_facilities": [
    1,
    2,
    3
  ],
  "ph_params": {
    "alpha": 0.1,
    "max_iter": 100,
    "rho": 5000.0,
    "tol": 0.0001
  },
  "solve_time": 3.2556731700897217,
  "status": "converged"
}