{
  "config": "c10_f5_cf2",
  "final_p": {
    "0": 50.351262449183345,
    "1": 50.34503450946938,
    "2": 50.345296281835026,
    "3": 50.35577227486798,
    "4": 50.3573086023982,
    "5": 50.34531081521328,
    "6": 50.35164677719392,
    "7": 50.35276705210236,
    "8": 50.36293897367813,
    "9": 50.34505635747093
  },
  "instance_idx": 1,
  "iterations": 4,
  "n_facilities": 3,
  "n_scenarios": 10,
  "objective": -29045.611844447725,
  "opened_facilities": [
    1,
    2,
    3
  ],
  "ph_params": {
    "alpha": 0.1,
    "max_iter": 100,
    "rho": 5000.0,
    "tol": 0.0001
  },
  "solve_time": 1.5629851818084717,
  "status": "converged"
}