{
  "config": "c10_f5_cf1",
  "gap_vs_optimal": 1.551018793794795e-10,
  "instance_idx": 1,
  "iterations": 1,
  "n_facilities": 2,
  "n_scenarios": 20,
  "objective": -22422.601838567763,
  "opened_facilities": [
    0,
    3
  ],
  "ph_params": {
    "alpha": 0.1,
    "max_iter": 100,
    "rho": 5000.0,
    "tol": 0.0001
  },
  "solve_time": 33.56116008758545,
  "status": "converged"
}