{
  "config": "c10_f5_cf2",
  "final_p": {
    "0": 50.20173334769305,
    "1": 50.199502311326675,
    "2": 50.21400107678886,
    "3": 50.20658521368725,
    "4": 50.210807383712314,
    "5": 50.19934189211058,
    "6": 50.212631634960985,
    "7": 50.201765310232524,
    "8": 50.21725647927029,
    "9": 50.19467444524393
  },
  "instance_idx": 3,
  "iterations": 4,
  "n_facilities": 4,
  "n_scenarios": 20,
  "objective": -21517.337868582923,
  "opened_facilities": [
    0,
    1,
    2,
    3
  ],
  "ph_params": {
    "alpha": 0.1,
    "max_iter": 100,
    "rho": 5000.0,
    "tol": 0.0001
  },
  "solve_time": 8.032296895980835,
  "status": "converged"
}