{
  "config": "c10_f5_cf4",
  "final_p": {
    "0": 51.12265760140147,
    "1": 51.28199937794065,
    "2": 50.75153893978228,
    "3": 51.493808160574446,
    "4": 50.87497328285039,
    "5": 51.07063852799314,
    "6": 50.98699999089675,
    "7": 50.75899052161757,
    "8": 50.84311891305667,
    "9": 51.417023902429
  },
  "instance_idx": 1,
  "iterations": 37,
  "n_facilities": 4,
  "n_scenarios": 20,
  "objective": -19980.156417901926,
  "opened_facilities": [
    0,
    1,
    2,
    3
  ],
  "ph_params": {
    "alpha": 0.1,
    "max_iter": 100,
    "rho": 5000.0,
    "tol": 0.0001
  },
  "solve_time": 53.4132399559021,
  "status": "converged"
}