{
  "config": "c10_f10_cf1",
  "gap_vs_optimal": 0.04338540100106874,
  "instance_idx": 2,
  "iterations": 4,
  "n_facilities": 6,
  "n_scenarios": 10,
  "objective": -23690.263618896533,
  "opened_facilities": [
    0,
    1,
    2,
    4,
    5,
    7
  ],
  "ph_params": {
    "alpha": 0.1,
    "max_iter": 100,
    "rho": 5000.0,
    "tol": 0.0001
  },
  "solve_time": 37.93549394607544,
  "status": "converged"
}