{
  "config": "c10_f5_cf3",
  "final_p": {
    "0": 50.244703400761544,
    "1": 50.228892902184306,
    "2": 50.235005108190634,
    "3": 50.23412610000685,
    "4": 50.24513228489187,
    "5": 50.23706041485662,
    "6": 50.234141263405206,
    "7": 50.23742059806881,
    "8": 50.22963852361353,
    "9": 50.233752090868066
  },
  "instance_idx": 2,
  "iterations": 4,
  "n_facilities": 4,
  "n_scenarios": 20,
  "objective": -24839.930414125003,
  "opened_facilities": [
    0,
    1,
    2,
    3
  ],
  "ph_params": {
    "alpha": 0.1,
    "max_iter": 100,
    "rho": 5000.0,
    "tol": 0.0001
  },
  "solve_time": 8.594491243362427,
  "status": "converged"
}