{
  "config": "c10_f5_cf1",
  "final_p": {
    "0": 50.03691785953374,
    "1": 50.03942656519916,
    "2": 50.04475343228327,
    "3": 50.04159179098969,
    "4": 50.037549719392935,
    "5": 50.040280938005765,
    "6": 50.04248763043575,
    "7": 50.03644670504363,
    "8": 50.04284311315031,
    "9": 50.04082315123983
  },
  "instance_idx": 3,
  "iterations": 3,
  "n_facilities": 3,
  "n_scenarios": 10,
  "objective": -26142.09649119404,
  "opened_facilities": [
    0,
    3,
    4
  ],
  "ph_params": {
    "alpha": 0.1,
    "max_iter": 100,
    "rho": 5000.0,
    "tol": 0.0001
  },
  "solve_time": 4.188715934753418,
  "status": "converged"
}