{
  "config": "c10_f10_cf1",
  "gap_vs_optimal": 0.001383977006267314,
  "instance_idx": 1,
  "iterations": 3,
  "n_facilities": 4,
  "n_scenarios": 50,
  "objective": -30131.46549466868,
  "opened_facilities": [
    0,
    1,
    7,
    8
  ],
  "ph_params": {
    "alpha": 0.1,
    "max_iter": 100,
    "rho": 5000.0,
    "tol": 0.0001
  },
  "solve_time": 158.07589507102966,
  "status": "converged"
}