{
  "config": "c10_f10_cf1",
  "final_p": {
    "0": 50.23607011775047,
    "1": 50.22923858091454,
    "2": 50.30393777964925,
    "3": 50.26612786200023,
    "4": 50.229790062733784,
    "5": 50.22524915016646,
    "6": 50.22540768408407,
    "7": 50.25825611040781,
    "8": 50.231436644374014,
    "9": 50.23021665731251
  },
  "instance_idx": 2,
  "iterations": 9,
  "n_facilities": 6,
  "n_scenarios": 10,
  "objective": -23763.653757325097,
  "opened_facilities": [
    0,
    1,
    2,
    3,
    4,
    7
  ],
  "ph_params": {
    "alpha": 0.1,
    "max_iter": 100,
    "rho": 5000.0,
    "tol": 0.0001
  },
  "solve_time": 19.984978914260864,
  "status": "converged"
}