{
  "config": "c10_f10_cf1",
  "final_p": {
    "0": 50.22658644680447,
    "1": 50.25791927388907,
    "2": 50.21554433109521,
    "3": 50.21667105691299,
    "4": 50.23090655660196,
    "5": 50.22703648597613,
    "6": 50.22274836386475,
    "7": 50.22341665960784,
    "8": 50.2646777100823,
    "9": 50.2745209411694
  },
  "instance_idx": 1,
  "iterations": 11,
  "n_facilities": 6,
  "n_scenarios": 10,
  "objective": -28960.083975601752,
  "opened_facilities": [
    0,
    2,
    5,
    7,
    8,
    9
  ],
  "ph_params": {
    "alpha": 0.1,
    "max_iter": 100,
    "rho": 5000.0,
    "tol": 0.0001
  },
  "solve_time": 13.119798183441162,
  "status": "converged"
}