{
  "config": "c10_f5_cf1",
  "final_p": {
    "0": 50.05419936193593,
    "1": 50.05746014081236,
    "2": 50.06253243932747,
    "3": 50.05775993995376,
    "4": 50.05429464526043,
    "5": 50.056803199848616,
    "6": 50.05917234647248,
    "7": 50.0524047473372,
    "8": 50.05936141280705,
    "9": 50.0571446473719
  },
  "instance_idx": 3,
  "iterations": 3,
  "n_facilities": 3,
  "n_scenarios": 20,
  "objective": -26011.90600047542,
  "opened_facilities": [
    0,
    3,
    4
  ],
  "ph_params": {
    "alpha": 0.1,
    "max_iter": 100,
    "rho": 5000.0,
    "tol": 0.0001
  },
  "solve_time": 7.776705980300903,
  "status": "converged"
}