{
  "config": "c10_f5_cf4",
  "final_p": {
    "0": 50.2406370822601,
    "1": 50.24153127670744,
    "2": 50.24276415186481,
    "3": 50.24466469048724,
    "4": 50.23455967366983,
    "5": 50.23971306060578,
    "6": 50.233269832277976,
    "7": 50.25206217337899,
    "8": 50.24875119526347,
    "9": 50.25397520361076
  },
  "instance_idx": 2,
  "iterations": 5,
  "n_facilities": 3,
  "n_scenarios": 50,
  "objective": -24683.515073445793,
  "opened_facilities": [
    0,
    1,
    2
  ],
  "ph_params": {
    "alpha": 0.1,
    "max_iter": 100,
    "rho": 5000.0,
    "tol": 0.0001
  },
  "solve_time": 15.249747037887573,
  "status": "converged"
}