{
  "config": "c10_f5_cf2",
  "final_p": {
    "0": 50.22684678838336,
    "1": 50.21762354831325,
    "2": 50.2260897387826,
    "3": 50.226432823083485,
    "4": 50.21876088409067,
    "5": 50.219035133511355,
    "6": 50.2211500875053,
    "7": 50.21412059657792,
    "8": 50.22355949033565,
    "9": 50.21818295054112
  },
  "instance_idx": 2,
  "iterations": 5,
  "n_facilities": 3,
  "n_scenarios": 50,
  "objective": -19660.223657015304,
  "opened_facilities": [
    1,
    2,
    4
  ],
  "ph_params": {
    "alpha": 0.1,
    "max_iter": 100,
    "rho": 5000.0,
    "tol": 0.0001
  },
  "solve_time": 24.536575078964233,
  "status": "converged"
}