{
  "config": "c10_f10_cf1",
  "final_p": {
    "0": 50.149701479228234,
    "1": 50.19410592197827,
    "2": 50.162344059734345,
    "3": 50.20897762422127,
    "4": 50.22942432937401,
    "5": 50.18243955021171,
    "6": 50.16404237053124,
    "7": 50.143803682608315,
    "8": 50.19504082913288,
    "9": 50.179974205151986
  },
  "instance_idx": 1,
  "iterations": 13,
  "n_facilities": 5,
  "n_scenarios": 20,
  "objective": -28258.418957044658,
  "opened_facilities": [
    0,
    2,
    7,
    8,
    9
  ],
  "ph_params": {
    "alpha": 0.1,
    "max_iter": 100,
    "rho": 5000.0,
    "tol": 0.0001
  },
  "solve_time": 32.71272897720337,
  "status": "converged"
}