{
  "config": "c10_f5_cf4",
  "final_p": {
    "0": 50.377446395048665,
    "1": 50.37699487288776,
    "2": 50.377162310479484,
    "3": 50.38089151455283,
    "4": 50.36619825099269,
    "5": 50.3749950985906,
    "6": 50.364277731976586,
    "7": 50.38787538446432,
    "8": 50.38866544743776,
    "9": 50.39634961863472
  },
  "instance_idx": 2,
  "iterations": 9,
  "n_facilities": 3,
  "n_scenarios": 10,
  "objective": -24522.280661497647,
  "opened_facilities": [
    0,
    1,
    2
  ],
  "ph_params": {
    "alpha": 0.1,
    "max_iter": 100,
    "rho": 5000.0,
    "tol": 0.0001
  },
  "solve_time": 5.908850908279419,
  "status": "converged"
}