{
  "config": "c10_f5_cf1",
  "gap_vs_optimal": 0.010747371103017303,
  "instance_idx": 3,
  "iterations": 2,
  "n_facilities": 2,
  "n_scenarios": 20,
  "objective": -26567.43292897054,
  "opened_facilities": [
    0,
    3
  ],
  "ph_params": {
    "alpha": 0.1,
    "max_iter": 100,
    "rho": 5000.0,
    "tol": 0.0001
  },
  "solve_time": 28.86320686340332,
  "status": "converged"
}