{
  "config": "c10_f10_cf1",
  "final_p": {
    "0": 50.01043337762899,
    "1": 50.001114502842604,
    "2": 50.00830098484083,
    "3": 49.95789121941888,
    "4": 50.00623975478381,
    "5": 50.01578977917645,
    "6": 49.98591014969972,
    "7": 49.97058976359576,
    "8": 49.99882640238915,
    "9": 50.00170805492056
  },
  "instance_idx": 2,
  "iterations": 8,
  "n_facilities": 7,
  "n_scenarios": 50,
  "objective": -23483.76865563151,
  "opened_facilities": [
    0,
    1,
    2,
    3,
    4,
    6,
    7
  ],
  "ph_params": {
    "alpha": 0.1,
    "max_iter": 100,
    "rho": 5000.0,
    "tol": 0.0001
  },
  "solve_time": 67.6072199344635,
  "status": "converged"
}