{
  "config": "c10_f10_cf1",
  "final_p": {
    "0": 50.17934156676972,
    "1": 50.172252467610825,
    "2": 50.19082571103699,
    "3": 50.173756410841115,
    "4": 50.190678452890246,
    "5": 50.18600160774852,
    "6": 50.19867972158612,
    "7": 50.18943469160193,
    "8": 50.23230668100625,
    "9": 50.1813923193119
  },
  "instance_idx": 3,
  "iterations": 6,
  "n_facilities": 6,
  "n_scenarios": 20,
  "objective": -24841.71396405097,
  "opened_facilities": [
    0,
    1,
    2,
    6,
    7,
    8
  ],
  "ph_params": {
    "alpha": 0.1,
    "max_iter": 100,
    "rho": 5000.0,
    "tol": 0.0001
  },
  "solve_time": 20.779083013534546,
  "status": "converged"
}