{
  "config": "c10_f10_cf1",
  "gap_vs_optimal": 0.01951430344321249,
  "instance_idx": 3,
  "iterations": 5,
  "n_facilities": 5,
  "n_scenarios": 10,
  "objective": -25476.842742913745,
  "opened_facilities": [
    0,
    1,
    2,
    6,
    9
  ],
  "ph_params": {
    "alpha": 0.1,
    "max_iter": 100,
    "rho": 5000.0,
    "tol": 0.0001
  },
  "solve_time": 49.01725482940674,
  "status": "converged"
}