{
  "config": "c10_f10_cf1",
  "gap_vs_optimal": 0.0010800502452511227,
  "instance_idx": 1,
  "iterations": 5,
  "n_facilities": 4,
  "n_scenarios": 10,
  "objective": -30275.60054251578,
  "opened_facilities": [
    0,
    1,
    7,
    8
  ],
  "ph_params": {
    "alpha": 0.1,
    "max_iter": 100,
    "rho": 5000.0,
    "tol": 0.0001
  },
  "solve_time": 58.601120710372925,
  "status": "converged"
}