{
  "config": "c10_f10_cf1",
  "gap_vs_optimal": 0.02834041953253367,
  "instance_idx": 3,
  "iterations": 6,
  "n_facilities": 5,
  "n_scenarios": 50,
  "objective": -25267.692784357332,
  "opened_facilities": [
    0,
    2,
    3,
    7,
    9
  ],
  "ph_params": {
    "alpha": 0.1,
    "max_iter": 100,
    "rho": 5000.0,
    "tol": 0.0001
  },
  "solve_time": 119.18955278396606,
  "status": "converged"
}