{
  "config": "c10_f5_cf1",
  "final_p": {
    "0": 50.05496136241471,
    "1": 50.05570137527128,
    "2": 50.055851938611376,
    "3": 50.0567062430407,
    "4": 50.05219977845325,
    "5": 50.05404736446136,
    "6": 50.05129992388363,
    "7": 50.059931163787994,
    "8": 50.05845541843453,
    "9": 50.06138563711401
  },
  "instance_idx": 2,
  "iterations": 3,
  "n_facilities": 3,
  "n_scenarios": 10,
  "objective": -25521.441293869495,
  "opened_facilities": [
    0,
    1,
    2
  ],
  "ph_params": {
    "alpha": 0.1,
    "max_iter": 100,
    "rho": 5000.0,
    "tol": 0.0001
  },
  "solve_time": 4.270944833755493,
  "status": "converged"
}