{
  "config": "c10_f5_cf1",
  "final_p": {
    "0": 50.00452921394732,
    "1": 49.977800767092425,
    "2": 49.95839758321266,
    "3": 50.01518225069681,
    "4": 49.967449725044794,
    "5": 49.981775425483384,
    "6": 49.97738821585625,
    "7": 49.973265158563976,
    "8": 49.97169437274512,
    "9": 49.9622933730214
  },
  "instance_idx": 1,
  "iterations": 7,
  "n_facilities": 3,
  "n_scenarios": 50,
  "objective": -21156.075645152087,
  "opened_facilities": [
    0,
    2,
    3
  ],
  "ph_params": {
    "alpha": 0.1,
    "max_iter": 100,
    "rho": 5000.0,
    "tol": 0.0001
  },
  "solve_time": 58.57120943069458,
  "status": "converged"
}