{
  "config": "c10_f5_cf4",
  "final_p": {
    "0": 50.36707280404374,
    "1": 50.3670741259327,
    "2": 50.36707664782947,
    "3": 50.367058436286655,
    "4": 50.36706763207655,
    "5": 50.36707001261837,
    "6": 50.36707501596823,
    "7": 50.36706738624594,
    "8": 50.36707312164981,
    "9": 50.36707575940261
  },
  "instance_idx": 1,
  "iterations": 42,
  "n_facilities": 3,
  "n_scenarios": 10,
  "objective": -20602.891163234428,
  "opened_facilities": [
    0,
    2,
    3
  ],
  "ph_params": {
    "alpha": 0.1,
    "max_iter": 100,
    "rho": 5000.0,
    "tol": 0.0001
  },
  "solve_time": 34.68904113769531,
  "status": "converged"
}