{
  "config": "c10_f5_cf1",
  "final_p": {
    "0": 50.05088485648996,
    "1": 50.05213888827946,
    "2": 50.053009050310294,
    "3": 50.054874590343864,
    "4": 50.045697937715055,
    "5": 50.04911658738876,
    "6": 50.043536841929146,
    "7": 50.0673779410931,
    "8": 50.05179302490237,
    "9": 50.06119649840489
  },
  "instance_idx": 2,
  "iterations": 5,
  "n_facilities": 3,
  "n_scenarios": 50,
  "objective": -25502.71634432648,
  "opened_facilities": [
    0,
    1,
    2
  ],
  "ph_params": {
    "alpha": 0.1,
    "max_iter": 100,
    "rho": 5000.0,
    "tol": 0.0001
  },
  "solve_time": 35.12983822822571,
  "status": "converged"
}