{
  "config": "c10_f5_cf3",
  "final_p": {
    "0": 50.16509728416285,
    "1": 50.14934360935067,
    "2": 50.15584270316867,
    "3": 50.154434368537096,
    "4": 50.16547368165746,
    "5": 50.15804745130757,
    "6": 50.15496496704689,
    "7": 50.15795015631667,
    "8": 50.15037751634118,
    "9": 50.154072271925045
  },
  "instance_idx": 2,
  "iterations": 4,
  "n_facilities": 4,
  "n_scenarios": 10,
  "objective": -24755.84819724785,
  "opened_facilities": [
    0,
    1,
    2,
    3
  ],
  "ph_params": {
    "alpha": 0.1,
    "max_iter": 100,
    "rho": 5000.0,
    "tol": 0.0001
  },
  "solve_time": 4.29787015914917,
  "status": "converged"
}