{
  "config": "c10_f10_cf1",
  "gap_vs_optimal": 0.008698339870438391,
  "instance_idx": 2,
  "iterations": 5,
  "n_facilities": 5,
  "n_scenarios": 20,
  "objective": -24545.25268164112,
  "opened_facilities": [
    0,
    1,
    2,
    3,
    7
  ],
  "ph_params": {
    "alpha": 0.1,
    "max_iter": 100,
    "rho": 5000.0,
    "tol": 0.0001
  },
  "solve_time": 75.0889139175415,
  "status": "converged"
}