{
  "config": "c10_f5_cf2",
  "final_p": {
    "0": 50.249640622284495,
    "1": 50.25140672932957,
    "2": 50.266485555888764,
    "3": 50.261267437800946,
    "4": 50.266761920628916,
    "5": 50.25590901504839,
    "6": 50.264337709526835,
    "7": 50.25538859924849,
    "8": 50.27063328801775,
    "9": 50.24663009805056
  },
  "instance_idx": 3,
  "iterations": 4,
  "n_facilities": 3,
  "n_scenarios": 10,
  "objective": -21806.149729010656,
  "opened_facilities": [
    0,
    1,
    2
  ],
  "ph_params": {
    "alpha": 0.1,
    "max_iter": 100,
    "rho": 5000.0,
    "tol": 0.0001
  },
  "solve_time": 3.7680599689483643,
  "status": "converged"
}