{
  "config": "c10_f10_cf1",
  "final_p": {
    "0": 50.00079783627721,
    "1": 49.986735254530096,
    "2": 50.003907062432326,
    "3": 49.997900151114834,
    "4": 49.984476162364814,
    "5": 49.984368642144354,
    "6": 49.98865815842682,
    "7": 49.9860761348271,
    "8": 50.005450258926075,
    "9": 49.973285359558886
  },
  "instance_idx": 2,
  "iterations": 7,
  "n_facilities": 6,
  "n_scenarios": 20,
  "objective": -23731.91652938104,
  "opened_facilities": [
    0,
    1,
    3,
    5,
    7,
    9
  ],
  "ph_params": {
    "alpha": 0.1,
    "max_iter": 100,
    "rho": 5000.0,
    "tol": 0.0001
  },
  "solve_time": 31.42667007446289,
  "status": "converged"
}