{
  "config": "c10_f5_cf2",
  "final_p": {
    "0": 50.255282949936515,
    "1": 50.24671661444865,
    "2": 50.25330572487526,
    "3": 50.25340616009754,
    "4": 50.248128691668555,
    "5": 50.24786834389816,
    "6": 50.24997502973453,
    "7": 50.24449719491351,
    "8": 50.251660134370404,
    "9": 50.247430947475095
  },
  "instance_idx": 2,
  "iterations": 4,
  "n_facilities": 3,
  "n_scenarios": 10,
  "objective": -19522.522977829467,
  "opened_facilities": [
    1,
    2,
    4
  ],
  "ph_params": {
    "alpha": 0.1,
    "max_iter": 100,
    "rho": 5000.0,
    "tol": 0.0001
  },
  "solve_time": 3.7092599868774414,
  "status": "converged"
}