{
  "config": "c10_f5_cf1",
  "gap_vs_optimal": 0.016469345435081398,
  "instance_idx": 2,
  "iterations": 3,
  "n_facilities": 3,
  "n_scenarios": 20,
  "objective": -25970.71111069601,
  "opened_facilities": [
    0,
    2,
    3
  ],
  "ph_params": {
    "alpha": 0.1,
    "max_iter": 100,
    "rho": 5000.0,
    "tol": 0.0001
  },
  "solve_time": 55.65895199775696,
  "status": "converged"
}