{
  "config": "c10_f5_cf1",
  "final_p": {
    "0": 50.05172562220114,
    "1": 50.05245642530439,
    "2": 50.05210230899313,
    "3": 50.05355454697517,
    "4": 50.046636352720625,
    "5": 50.0499088385009,
    "6": 50.04548886503199,
    "7": 50.058433468264255,
    "8": 50.05689349051489,
    "9": 50.061474203649865
  },
  "instance_idx": 2,
  "iterations": 4,
  "n_facilities": 3,
  "n_scenarios": 20,
  "objective": -25486.048314759995,
  "opened_facilities": [
    0,
    1,
    2
  ],
  "ph_params": {
    "alpha": 0.1,
    "max_iter": 100,
    "rho": 5000.0,
    "tol": 0.0001
  },
  "solve_time": 10.845196008682251,
  "status": "converged"
}