{
  "config": "c10_f10_cf1",
  "final_p": {
    "0": 50.1788642990962,
    "1": 50.201302486502726,
    "2": 50.196904544817755,
    "3": 50.20668874126019,
    "4": 50.21214105344256,
    "5": 50.20951032658672,
    "6": 50.20524712733238,
    "7": 50.1964660357131,
    "8": 50.21062149923634,
    "9": 50.21363949558478
  },
  "instance_idx": 1,
  "iterations": 6,
  "n_facilities": 7,
  "n_scenarios": 50,
  "objective": -28377.11372287799,
  "opened_facilities": [
    0,
    1,
    5,
    6,
    7,
    8,
    9
  ],
  "ph_params": {
    "alpha": 0.1,
    "max_iter": 100,
    "rho": 5000.0,
    "tol": 0.0001
  },
  "solve_time": 33.28677296638489,
  "status": "converged"
}