{
  "config": "c10_f5_cf4",
  "final_p": {
    "0": 50.19961804266653,
    "1": 50.19741055750941,
    "2": 50.20112610472177,
    "3": 50.20253090950193,
    "4": 50.19345846064011,
    "5": 50.19899162283514,
    "6": 50.19340504742972,
    "7": 50.21083504915425,
    "8": 50.205380649430204,
    "9": 50.210017359596534
  },
  "instance_idx": 2,
  "iterations": 5,
  "n_facilities": 5,
  "n_scenarios": 20,
  "objective": -24347.393560530058,
  "opened_facilities": [
    0,
    1,
    2,
    3,
    4
  ],
  "ph_params": {
    "alpha": 0.1,
    "max_iter": 100,
    "rho": 5000.0,
    "tol": 0.0001
  },
  "solve_time": 4.351686954498291,
  "status": "converged"
}