{
  "config": "c10_f5_cf3",
  "final_p": {
    "0": 50.17070221854231,
    "1": 50.154800897271,
    "2": 50.16078101781284,
    "3": 50.15997171965736,
    "4": 50.171086406655874,
    "5": 50.16278060561068,
    "6": 50.159890794171794,
    "7": 50.16335961205859,
    "8": 50.155358450321145,
    "9": 50.159614269897595
  },
  "instance_idx": 2,
  "iterations": 4,
  "n_facilities": 4,
  "n_scenarios": 50,
  "objective": -24794.21321934344,
  "opened_facilities": [
    0,
    1,
    2,
    3
  ],
  "ph_params": {
    "alpha": 0.1,
    "max_iter": 100,
    "rho": 5000.0,
    "tol": 0.0001
  },
  "solve_time": 22.738008975982666,
  "status": "converged"
}