{
  "config": "c10_f5_cf4",
  "final_p": {
    "0": 50.28332354980367,
    "1": 50.29026744200343,
    "2": 50.30215310365718,
    "3": 50.29324723969143,
    "4": 50.283622304281934,
    "5": 50.28911120962463,
    "6": 50.29435660973871,
    "7": 50.28077620865879,
    "8": 50.295040756780516,
    "9": 50.29083998764124
  },
  "instance_idx": 3,
  "iterations": 5,
  "n_facilities": 3,
  "n_scenarios": 20,
  "objective": -25055.146628145994,
  "opened_facilities": [
    0,
    3,
    4
  ],
  "ph_params": {
    "alpha": 0.1,
    "max_iter": 100,
    "rho": 5000.0,
    "tol": 0.0001
  },
  "solve_time": 6.915179014205933,
  "status": "converged"
}