{
  "config": "c10_f5_cf4",
  "final_p": {
    "0": 50.27763386548521,
    "1": 50.281324119974904,
    "2": 50.290137560725626,
    "3": 50.28585534304526,
    "4": 50.27921600858913,
    "5": 50.283112920564946,
    "6": 50.28629530631123,
    "7": 50.27750919496564,
    "8": 50.287487540036594,
    "9": 50.28406699571875
  },
  "instance_idx": 3,
  "iterations": 4,
  "n_facilities": 3,
  "n_scenarios": 10,
  "objective": -25402.668923806985,
  "opened_facilities": [
    0,
    3,
    4
  ],
  "ph_params": {
    "alpha": 0.1,
    "max_iter": 100,
    "rho": 5000.0,
    "tol": 0.0001
  },
  "solve_time": 2.4688808917999268,
  "status": "converged"
}