{
  "config": "c10_f10_cf1",
  "final_p": {
    "0": 50.35276671346446,
    "1": 50.347269448417244,
    "2": 50.35178020841187,
    "3": 50.33422587064797,
    "4": 50.337822738989516,
    "5": 50.33542958389794,
    "6": 50.34135144855758,
    "7": 50.33786361515614,
    "8": 50.36485122152833,
    "9": 50.32946935014174
  },
  "instance_idx": 3,
  "iterations": 11,
  "n_facilities": 6,
  "n_scenarios": 50,
  "objective": -24862.073969067387,
  "opened_facilities": [
    0,
    1,
    2,
    6,
    7,
    8
  ],
  "ph_params": {
    "alpha": 0.1,
    "max_iter": 100,
    "rho": 5000.0,
    "tol": 0.0001
  },
  "solve_time": 75.811940908432,
  "status": "converged"
}