{
  "config": "c10_f5_cf1",
  "gap_vs_optimal": 0.010602160763052156,
  "instance_idx": 3,
  "iterations": 2,
  "n_facilities": 2,
  "n_scenarios": 50,
  "objective": -26626.27991955868,
  "opened_facilities": [
    0,
    3
  ],
  "ph_params": {
    "alpha": 0.1,
    "max_iter": 100,
    "rho": 5000.0,
    "tol": 0.0001
  },
  "solve_time": 79.92693185806274,
  "status": "converged"
}