{
  "config": "c10_f5_cf3",
  "final_p": {
    "0": 50.179883291729205,
    "1": 50.184479155301936,
    "2": 50.18608600834914,
    "3": 50.185914689129,
    "4": 50.18268477121755,
    "5": 50.18114326392822,
    "6": 50.18559371803312,
    "7": 50.18185507641163,
    "8": 50.183859181794034,
    "9": 50.18935129134362
  },
  "instance_idx": 3,
  "iterations": 4,
  "n_facilities": 4,
  "n_scenarios": 10,
  "objective": -20983.182078931033,
  "opened_facilities": [
    1,
    2,
    3,
    4
  ],
  "ph_params": {
    "alpha": 0.1,
    "max_iter": 100,
    "rho": 5000.0,
    "tol": 0.0001
  },
  "solve_time": 4.450433969497681,
  "status": "converged"
}