{
  "config": "c5_f10_cf1",
  "gap_vs_optimal": 0.05658848321278047,
  "instance_idx": 1,
  "iterations": 5,
  "n_facilities": 4,
  "n_scenarios": 50,
  "objective": -9893.473840955185,
  "opened_facilities": [
    1,
    2,
    7,
    8
  ],
  "ph_params": {
    "alpha": 0.1,
    "max_iter": 100,
    "rho": 5000.0,
    "tol": 0.0001
  },
  "solve_time": 84.50505781173706,
  "status": "converged"
}