{
  "config": "c5_f5_cf1",
  "final_p": {
    "0": 50.21081782251457,
    "1": 50.24237190924947,
    "2": 50.23646768707973,
    "3": 50.20570695062059,
    "4": 50.18609649147092
  },
  "instance_idx": 2,
  "iterations": 8,
  "n_facilities": 4,
  "n_scenarios": 50,
  "objective": -7946.959583356525,
  "opened_facilities": [
    0,
    2,
    3,
    4
  ],
  "ph_params": {
    "alpha": 0.1,
    "max_iter": 100,
    "rho": 5000.0,
    "tol": 0.0001
  },
  "solve_time": 28.922136783599854,
  "status": "converged"
}