{
  "config": "c5_f5_cf1",
  "final_p": {
    "0": 50.06175261852769,
    "1": 50.05460033820856,
    "2": 50.056002068857765,
    "3": 50.06246789214394,
    "4": 50.057003048911916
  },
  "instance_idx": 1,
  "iterations": 3,
  "n_facilities": 3,
  "n_scenarios": 20,
  "objective": -12934.953524325527,
  "opened_facilities": [
    2,
    3,
    4
  ],
  "ph_params": {
    "alpha": 0.1,
    "max_iter": 100,
    "rho": 5000.0,
    "tol": 0.0001
  },
  "solve_time": 5.826566934585571,
  "status": "converged"
}