{
  "config": "c5_f10_cf1",
  "final_p": {
    "0": 50.12463909884774,
    "1": 50.12299911548034,
    "2": 50.136643703093014,
    "3": 50.12692522948641,
    "4": 50.118124837366
  },
  "instance_idx": 3,
  "iterations": 7,
  "n_facilities": 6,
  "n_scenarios": 50,
  "objective": -12880.180771512274,
  "opened_facilities": [
    0,
    2,
    4,
    5,
    7,
    8
  ],
  "ph_params": {
    "alpha": 0.1,
    "max_iter": 100,
    "rho": 5000.0,
    "tol": 0.0001
  },
  "solve_time": 20.955827951431274,
  "status": "converged"
}