{
  "config": "c5_f10_cf1",
  "final_p": {
    "0": 49.955414117162256,
    "1": 49.92530228174813,
    "2": 49.9432114637654,
    "3": 49.988399200179785,
    "4": 49.98826985575242
  },
  "instance_idx": 1,
  "iterations": 6,
  "n_facilities": 6,
  "n_scenarios": 20,
  "objective": -9243.588969613567,
  "opened_facilities": [
    0,
    1,
    3,
    5,
    7,
    8
  ],
  "ph_params": {
    "alpha": 0.1,
    "max_iter": 100,
    "rho": 5000.0,
    "tol": 0.0001
  },
  "solve_time": 15.34104609489441,
  "status": "converged"
}