{
  "config": "c5_f10_cf1",
  "gap_vs_optimal": 0.04422182397213438,
  "instance_idx": 2,
  "iterations": 3,
  "n_facilities": 4,
  "n_scenarios": 10,
  "objective": -10677.234955560642,
  "opened_facilities": [
    0,
    3,
    4,
    9
  ],
  "ph_params": {
    "alpha": 0.1,
    "max_iter": 100,
    "rho": 5000.0,
    "tol": 0.0001
  },
  "solve_time": 12.287038087844849,
  "status": "converged"
}