{
  "config": "c5_f10_cf1",
  "final_p": {
    "0": 50.42855516404977,
    "1": 50.36303987913982,
    "2": 50.42309547665047,
    "3": 50.403133249121744,
    "4": 50.584475491368465
  },
  "instance_idx": 1,
  "iterations": 23,
  "n_facilities": 6,
  "n_scenarios": 50,
  "objective": -9393.118550595422,
  "opened_facilities": [
    0,
    1,
    3,
    5,
    7,
    8
  ],
  "ph_params": {
    "alpha": 0.1,
    "max_iter": 100,
    "rho": 5000.0,
    "tol": 0.0001
  },
  "solve_time": 180.70018672943115,
  "status": "converged"
}