{
  "config": "c5_f5_cf1",
  "final_p": {
    "0": 50.251977859545555,
    "1": 50.257582486435666,
    "2": 50.119292215837184,
    "3": 50.178056179973076,
    "4": 50.06957225919322
  },
  "instance_idx": 3,
  "iterations": 14,
  "n_facilities": 3,
  "n_scenarios": 10,
  "objective": -9152.81908721089,
  "opened_facilities": [
    1,
    2,
    4
  ],
  "ph_params": {
    "alpha": 0.1,
    "max_iter": 100,
    "rho": 5000.0,
    "tol": 0.0001
  },
  "solve_time": 14.545886039733887,
  "status": "converged"
}