{
  "config": "c5_f10_cf1",
  "gap_vs_optimal": 0.026755400762856794,
  "instance_idx": 2,
  "iterations": 3,
  "n_facilities": 4,
  "n_scenarios": 20,
  "objective": -10832.826546325923,
  "opened_facilities": [
    2,
    3,
    4,
    9
  ],
  "ph_params": {
    "alpha": 0.1,
    "max_iter": 100,
    "rho": 5000.0,
    "tol": 0.0001
  },
  "solve_time": 20.83094096183777,
  "status": "converged"
}