{
  "config": "c5_f10_cf1",
  "gap_vs_optimal": 0.0191449668093824,
  "instance_idx": 2,
  "iterations": 100,
  "n_facilities": 4,
  "n_scenarios": 50,
  "objective": -10912.666469373717,
  "opened_facilities": [
    0,
    2,
    3,
    9
  ],
  "ph_params": {
    "alpha": 0.1,
    "max_iter": 100,
    "rho": 5000.0,
    "tol": 0.0001
  },
  "solve_time": 545.0297000408173,
  "status": "max_iter"
}