{
  "config": "c5_f5_cf1",
  "gap_vs_optimal": 0.005357403532864532,
  "instance_idx": 1,
  "iterations": 100,
  "n_facilities": 3,
  "n_scenarios": 20,
  "objective": -13340.147929354518,
  "opened_facilities": [
    1,
    2,
    4
  ],
  "ph_params": {
    "alpha": 0.1,
    "max_iter": 100,
    "rho": 5000.0,
    "tol": 0.0001
  },
  "solve_time": 268.7056908607483,
  "status": "max_iter"
}