{
  "config": "c5_f5_cf1",
  "final_p": {
    "0": 50.15500620860327,
    "1": 50.19237160653834,
    "2": 50.180133675805465,
    "3": 50.15677724833314,
    "4": 50.14004281286694
  },
  "instance_idx": 2,
  "iterations": 8,
  "n_facilities": 3,
  "n_scenarios": 20,
  "objective": -7929.251665950677,
  "opened_facilities": [
    1,
    3,
    4
  ],
  "ph_params": {
    "alpha": 0.1,
    "max_iter": 100,
    "rho": 5000.0,
    "tol": 0.0001
  },
  "solve_time": 12.014914989471436,
  "status": "converged"
}