{
  "config": "c5_f5_cf1",
  "final_p": {
    "0": 50.586747385355,
    "1": 50.70880667101917,
    "2": 50.459068728258316,
    "3": 50.55976734902079,
    "4": 50.47597039322506
  },
  "instance_idx": 3,
  "iterations": 18,
  "n_facilities": 3,
  "n_scenarios": 20,
  "objective": -9389.420731392505,
  "opened_facilities": [
    2,
    3,
    4
  ],
  "ph_params": {
    "alpha": 0.1,
    "max_iter": 100,
    "rho": 5000.0,
    "tol": 0.0001
  },
  "solve_time": 39.126018047332764,
  "status": "converged"
}