{
  "config": "c5_f10_cf1",
  "final_p": {
    "0": 50.209671436443,
    "1": 50.201813545082494,
    "2": 50.23583801767431,
    "3": 50.21237254030464,
    "4": 50.18750488305682
  },
  "instance_idx": 3,
  "iterations": 18,
  "n_facilities": 6,
  "n_scenarios": 20,
  "objective": -12930.43303680903,
  "opened_facilities": [
    0,
    2,
    4,
    5,
    7,
    8
  ],
  "ph_params": {
    "alpha": 0.1,
    "max_iter": 100,
    "rho": 5000.0,
    "tol": 0.0001
  },
  "solve_time": 20.700400829315186,
  "status": "converged"
}