{
  "config": "c5_f10_cf1",
  "gap_vs_optimal": 0.019758027104759875,
  "instance_idx": 3,
  "iterations": 4,
  "n_facilities": 4,
  "n_scenarios": 20,
  "objective": -14432.166627503218,
  "opened_facilities": [
    2,
    4,
    5,
    8
  ],
  "ph_params": {
    "alpha": 0.1,
    "max_iter": 100,
    "rho": 5000.0,
    "tol": 0.0001
  },
  "solve_time": 30.466274976730347,
  "status": "converged"
}