{
  "config": "c5_f5_cf1",
  "final_p": {
    "0": 50.8050601607262,
    "1": 50.72905177341036,
    "2": 50.46842784288828,
    "3": 50.57355271441351,
    "4": 50.56990563229887
  },
  "instance_idx": 3,
  "iterations": 100,
  "n_facilities": 3,
  "n_scenarios": 50,
  "objective": -9449.860909637213,
  "opened_facilities": [
    1,
    2,
    4
  ],
  "ph_params": {
    "alpha": 0.1,
    "max_iter": 100,
    "rho": 5000.0,
    "tol": 0.0001
  },
  "solve_time": 362.90656900405884,
  "status": "max_iter"
}