{
  "config": "c5_f5_cf1",
  "gap_vs_optimal": 0.004360789266671024,
  "instance_idx": 3,
  "iterations": 4,
  "n_facilities": 2,
  "n_scenarios": 20,
  "objective": -10311.774869464649,
  "opened_facilities": [
    1,
    2
  ],
  "ph_params": {
    "alpha": 0.1,
    "max_iter": 100,
    "rho": 5000.0,
    "tol": 0.0001
  },
  "solve_time": 28.702849864959717,
  "status": "converged"
}