{
  "config": "c5_f10_cf1",
  "gap_vs_optimal": 0.0180594477464177,
  "instance_idx": 3,
  "iterations": 6,
  "n_facilities": 4,
  "n_scenarios": 50,
  "objective": -14401.140318975959,
  "opened_facilities": [
    2,
    4,
    5,
    8
  ],
  "ph_params": {
    "alpha": 0.1,
    "max_iter": 100,
    "rho": 5000.0,
    "tol": 0.0001
  },
  "solve_time": 143.21210312843323,
  "status": "converged"
}