{
  "config": "c5_f5_cf1",
  "final_p": {
    "0": 49.93189353071303,
    "1": 49.95489243977353,
    "2": 49.96381528950599,
    "3": 49.939499650603395,
    "4": 49.9431293336134
  },
  "instance_idx": 2,
  "iterations": 10,
  "n_facilities": 3,
  "n_scenarios": 10,
  "objective": -8614.659931004046,
  "opened_facilities": [
    0,
    2,
    4
  ],
  "ph_params": {
    "alpha": 0.1,
    "max_iter": 100,
    "rho": 5000.0,
    "tol": 0.0001
  },
  "solve_time": 8.280058145523071,
  "status": "converged"
}