{
  "config": "c5_f5_cf1",
  "final_p": {
    "0": 50.063290869451336,
    "1": 50.05349986088922,
    "2": 50.05546791564916,
    "3": 50.065255764053205,
    "4": 50.057826088077434
  },
  "instance_idx": 1,
  "iterations": 4,
  "n_facilities": 3,
  "n_scenarios": 50,
  "objective": -13037.82752691433,
  "opened_facilities": [
    2,
    3,
    4
  ],
  "ph_params": {
    "alpha": 0.1,
    "max_iter": 100,
    "rho": 5000.0,
    "tol": 0.0001
  },
  "solve_time": 19.173823833465576,
  "status": "converged"
}