{
  "config": "c5_f5_cf1",
  "final_p": {
    "0": 50.04859723879552,
    "1": 50.04859723879552,
    "2": 50.04859723879554,
    "3": 50.048597238795544,
    "4": 50.04859723879553
  },
  "instance_idx": 1,
  "iterations": 1,
  "n_facilities": 3,
  "n_scenarios": 10,
  "objective": -13052.05711244765,
  "opened_facilities": [
    2,
    3,
    4
  ],
  "ph_params": {
    "alpha": 0.1,
    "max_iter": 100,
    "rho": 5000.0,
    "tol": 0.0001
  },
  "solve_time": 0.8291561603546143,
  "status": "converged"
}