{
  "config": "c5_f10_cf1",
  "final_p": {
    "0": 50.22919893611371,
    "1": 50.22041024887603,
    "2": 50.23410269972368,
    "3": 50.22633105029355,
    "4": 50.21804526130901
  },
  "instance_idx": 3,
  "iterations": 7,
  "n_facilities": 5,
  "n_scenarios": 10,
  "objective": -13354.731804289913,
  "opened_facilities": [
    0,
    2,
    4,
    5,
    7
  ],
  "ph_params": {
    "alpha": 0.1,
    "max_iter": 100,
    "rho": 5000.0,
    "tol": 0.0001
  },
  "solve_time": 3.7488009929656982,
  "status": "converged"
}