{
  "config": "c5_f5_cf1",
  "gap_vs_optimal": 0.007064624231282623,
  "instance_idx": 3,
  "iterations": 100,
  "n_facilities": 2,
  "n_scenarios": 10,
  "objective": -10138.558847282944,
  "opened_facilities": [
    2,
    3
  ],
  "ph_params": {
    "alpha": 0.1,
    "max_iter": 100,
    "rho": 5000.0,
    "tol": 0.0001
  },
  "solve_time": 332.4595148563385,
  "status": "max_iter"
}