{
  "config": "c5_f5_cf1",
  "gap_vs_optimal": 1.1783750436284383e-11,
  "instance_idx": 2,
  "iterations": 4,
  "n_facilities": 2,
  "n_scenarios": 20,
  "objective": -10368.335693848345,
  "opened_facilities": [
    2,
    4
  ],
  "ph_params": {
    "alpha": 0.1,
    "max_iter": 100,
    "rho": 5000.0,
    "tol": 0.0001
  },
  "solve_time": 18.731247901916504,
  "status": "converged"
}