{
  "config": "c5_f5_cf1",
  "gap_vs_optimal": 0.005332343164628441,
  "instance_idx": 1,
  "iterations": 5,
  "n_facilities": 3,
  "n_scenarios": 10,
  "objective": -13369.286422978508,
  "opened_facilities": [
    1,
    2,
    4
  ],
  "ph_params": {
    "alpha": 0.1,
    "max_iter": 100,
    "rho": 5000.0,
    "tol": 0.0001
  },
  "solve_time": 20.90195918083191,
  "status": "converged"
}