{
  "config": "c5_f10_cf1",
  "final_p": {
    "0": 50.1485201686867,
    "1": 50.1452411166907,
    "2": 50.13648937914601,
    "3": 50.134360585421305,
    "4": 50.148641601846904
  },
  "instance_idx": 2,
  "iterations": 9,
  "n_facilities": 6,
  "n_scenarios": 10,
  "objective": -9374.451660973271,
  "opened_facilities": [
    0,
    1,
    2,
    3,
    4,
    9
  ],
  "ph_params": {
    "alpha": 0.1,
    "max_iter": 100,
    "rho": 5000.0,
    "tol": 0.0001
  },
  "solve_time": 7.973681926727295,
  "status": "converged"
}