{
  "config": "c5_f5_cf1",
  "gap_vs_optimal": 7.275798910794648e-12,
  "instance_idx": 2,
  "iterations": 4,
  "n_facilities": 2,
  "n_scenarios": 10,
  "objective": -10314.974990444818,
  "opened_facilities": [
    2,
    4
  ],
  "ph_params": {
    "alpha": 0.1,
    "max_iter": 100,
    "rho": 5000.0,
    "tol": 0.0001
  },
  "solve_time": 10.750066995620728,
  "status": "converged"
}