{
  "config": "c5_f10_cf1",
  "gap_vs_optimal": 0.05579057083460103,
  "instance_idx": 1,
  "iterations": 8,
  "n_facilities": 4,
  "n_scenarios": 20,
  "objective": -9837.425441765365,
  "opened_facilities": [
    0,
    1,
    2,
    7
  ],
  "ph_params": {
    "alpha": 0.1,
    "max_iter": 100,
    "rho": 5000.0,
    "tol": 0.0001
  },
  "solve_time": 50.02224779129028,
  "status": "converged"
}