{
  "config": "c5_f5_cf1",
  "gap_vs_optimal": 0.00304400425787732,
  "instance_idx": 3,
  "iterations": 4,
  "n_facilities": 2,
  "n_scenarios": 50,
  "objective": -10293.670866111806,
  "opened_facilities": [
    1,
    2
  ],
  "ph_params": {
    "alpha": 0.1,
    "max_iter": 100,
    "rho": 5000.0,
    "tol": 0.0001
  },
  "solve_time": 65.69565725326538,
  "status": "converged"
}