{
  "config": "c5_f10_cf1",
  "gap_vs_optimal": 0.05941850460976459,
  "instance_idx": 1,
  "iterations": 4,
  "n_facilities": 4,
  "n_scenarios": 10,
  "objective": -9852.350761079002,
  "opened_facilities": [
    0,
    1,
    2,
    7
  ],
  "ph_params": {
    "alpha": 0.1,
    "max_iter": 100,
    "rho": 5000.0,
    "tol": 0.0001
  },
  "solve_time": 11.840963125228882,
  "status": "converged"
}