{
  "config": {
    "n_customers": 10,
    "n_facilities": 10,
    "p_min": 20.0,
    "p_max": 80.0,
    "gamma": 0.3,
    "base_demand_min": 50,
    "base_demand_max": 150,
    "f_min": 500.0,
    "f_max": 1000.0,
    "c_min": 10.0,
    "c_max": 50.0,
    "tau_max": 0.4,
    "base_capacity_factor": 1.2,
    "cap_fluctuation": 0.2,
    "seed": 345313847
  },
  "I": [
    0,
    1,
    2,
    3,
    4,
    5,
    6,
    7,
    8,
    9
  ],
  "J": [
    0,
    1,
    2,
    3,
    4,
    5,
    6,
    7,
    8,
    9
  ],
  "f": {
    "0": 538.9983353881768,
    "1": 691.9714363661924,
    "2": 727.0179346951975,
    "3": 709.4382448957379,
    "4": 700.4672190265487,
    "5": 834.4999867037213,
    "6": 744.6519243457777,
    "7": 860.5364972903949,
    "8": 522.1343908447276,
    "9": 731.3161928401898
  },
  "a": {
    "0": 0.8983333333333333,
    "1": 1.3649999999999998,
    "2": 0.9683333333333333,
    "3": 0.7349999999999999,
    "4": 0.6766666666666665,
    "5": 1.3649999999999998,
    "6": 1.0266666666666666,
    "7": 1.085,
    "8": 1.6916666666666667,
    "9": 1.4
  },
  "b": {
    "0": 94.96666666666667,
    "1": 144.3,
    "2": 102.36666666666667,
    "3": 77.7,
    "4": 71.53333333333333,
    "5": 144.3,
    "6": 108.53333333333333,
    "7": 114.7,
    "8": 178.83333333333334,
    "9": 148.0
  },
  "base_demand": {
    "0": 77.0,
    "1": 117.0,
    "2": 83.0,
    "3": 63.0,
    "4": 58.0,
    "5": 117.0,
    "6": 88.0,
    "7": 93.0,
    "8": 145.0,
    "9": 120.0
  },
  "tau_max": 0.4,
  "base_capacity_factor": 1.2,
  "cap_fluctuation": 0.2,
  "base_capacity": {
    "0": 117.0,
    "1": 117.0,
    "2": 135.0,
    "3": 108.0,
    "4": 98.0,
    "5": 122.0,
    "6": 111.0,
    "7": 94.0,
    "8": 119.0,
    "9": 118.0
  },
  "c": {
    "0,0": 48.32449674226729,
    "0,1": 15.398199386929313,
    "0,2": 27.75389287275042,
    "0,3": 29.956631705662907,
    "0,4": 31.42451097624944,
    "0,5": 38.8109822300507,
    "0,6": 47.71273307857182,
    "0,7": 36.685965797836296,
    "0,8": 38.16294743981877,
    "0,9": 48.2119122119338,
    "1,0": 32.383286551852336,
    "1,1": 24.613548009627493,
    "1,2": 22.209734402126067,
    "1,3": 11.039613440298712,
    "1,4": 45.7689055642831,
    "1,5": 16.828553011889884,
    "1,6": 37.5837061277166,
    "1,7": 14.735304937820835,
    "1,8": 44.27165876207798,
    "1,9": 15.477910971901272,
    "2,0": 47.348091106446695,
    "2,1": 44.42082493716342,
    "2,2": 23.16661888393857,
    "2,3": 20.864576003219018,
    "2,4": 15.617201459290868,
    "2,5": 11.23810943769255,
    "2,6": 17.106719994932178,
    "2,7": 44.488535706160185,
    "2,8": 15.131312185865236,
    "2,9": 47.185433214193175,
    "3,0": 48.293278754959395,
    "3,1": 39.76106904443186,
    "3,2": 43.7527767210753,
    "3,3": 49.43951412103378,
    "3,4": 35.60424219540279,
    "3,5": 12.307841684869697,
    "3,6": 28.564312890721162,
    "3,7": 35.150045696188194,
    "3,8": 29.04044112333257,
    "3,9": 25.220066695435772,
    "4,0": 19.80060406461328,
    "4,1": 29.492775769242968,
    "4,2": 33.656164878370674,
    "4,3": 40.14972613649138,
    "4,4": 38.93136827935415,
    "4,5": 36.246324235888366,
    "4,6": 12.672821683026028,
    "4,7": 39.206683042754115,
    "4,8": 14.552831940897054,
    "4,9": 42.39309727493479,
    "5,0": 33.33944309015845,
    "5,1": 24.240600108930884,
    "5,2": 41.41401996333557,
    "5,3": 16.318985327525503,
    "5,4": 46.47776271942446,
    "5,5": 48.16799725705203,
    "5,6": 29.168041321867285,
    "5,7": 25.739322725054308,
    "5,8": 23.527940382189023,
    "5,9": 41.710474887523375,
    "6,0": 37.18662051824447,
    "6,1": 22.062721177365002,
    "6,2": 32.14896524907213,
    "6,3": 17.94302732122963,
    "6,4": 49.34689170504783,
    "6,5": 30.285461219958748,
    "6,6": 42.085001599570035,
    "6,7": 36.63302197695542,
    "6,8": 43.75007829149153,
    "6,9": 28.407340731097808,
    "7,0": 21.314760756751244,
    "7,1": 28.635307810597105,
    "7,2": 15.959663856040308,
    "7,3": 34.93935907276163,
    "7,4": 13.799217657414115,
    "7,5": 38.57093731792091,
    "7,6": 36.6475966502876,
    "7,7": 46.12809711070099,
    "7,8": 10.504321755723947,
    "7,9": 45.805818896405455,
    "8,0": 25.00714685920594,
    "8,1": 30.646897889296937,
    "8,2": 18.78403883073604,
    "8,3": 38.239746318540945,
    "8,4": 43.662704992226466,
    "8,5": 33.72699871528906,
    "8,6": 13.117337281789506,
    "8,7": 48.37770476780603,
    "8,8": 36.05300612002197,
    "8,9": 39.3060972241509,
    "9,0": 24.30886708120136,
    "9,1": 36.862072917979575,
    "9,2": 27.6499259926281,
    "9,3": 22.692690425509827,
    "9,4": 24.88196900387512,
    "9,5": 19.150871959957755,
    "9,6": 41.934577244980524,
    "9,7": 49.32816981380168,
    "9,8": 16.18918408779869,
    "9,9": 14.629657223256078
  }
}