{
  "config": {
    "n_customers": 10,
    "n_facilities": 10,
    "p_min": 20.0,
    "p_max": 80.0,
    "gamma": 0.3,
    "base_demand_min": 50,
    "base_demand_max": 150,
    "f_min": 500.0,
    "f_max": 1000.0,
    "c_min": 10.0,
    "c_max": 50.0,
    "tau_max": 0.4,
    "base_capacity_factor": 1.2,
    "cap_fluctuation": 0.2,
    "seed": 1731896075
  },
  "I": [
    0,
    1,
    2,
    3,
    4,
    5,
    6,
    7,
    8,
    9
  ],
  "J": [
    0,
    1,
    2,
    3,
    4,
    5,
    6,
    7,
    8,
    9
  ],
  "f": {
    "0": 706.0754662087455,
    "1": 668.9838546583009,
    "2": 961.5684594158412,
    "3": 640.6594754181281,
    "4": 518.0592633962522,
    "5": 629.7362075872796,
    "6": 524.6150970689465,
    "7": 740.459684648677,
    "8": 992.2515738521207,
    "9": 636.2343680330755
  },
  "a": {
    "0": 0.7116666666666666,
    "1": 1.6566666666666665,
    "2": 1.7149999999999999,
    "3": 1.2949999999999997,
    "4": 1.3766666666666665,
    "5": 0.7,
    "6": 0.8049999999999999,
    "7": 0.7116666666666666,
    "8": 1.4233333333333331,
    "9": 1.2366666666666666
  },
  "b": {
    "0": 75.23333333333333,
    "1": 175.13333333333333,
    "2": 181.3,
    "3": 136.9,
    "4": 145.53333333333333,
    "5": 74.0,
    "6": 85.1,
    "7": 75.23333333333333,
    "8": 150.46666666666667,
    "9": 130.73333333333332
  },
  "base_demand": {
    "0": 61.0,
    "1": 142.0,
    "2": 147.0,
    "3": 111.0,
    "4": 118.0,
    "5": 60.0,
    "6": 69.0,
    "7": 61.0,
    "8": 122.0,
    "9": 106.0
  },
  "tau_max": 0.4,
  "base_capacity_factor": 1.2,
  "cap_fluctuation": 0.2,
  "base_capacity": {
    "0": 127.0,
    "1": 117.0,
    "2": 107.0,
    "3": 115.0,
    "4": 97.0,
    "5": 125.0,
    "6": 117.0,
    "7": 118.0,
    "8": 137.0,
    "9": 96.0
  },
  "c": {
    "0,0": 25.59978339532393,
    "0,1": 26.39127463135686,
    "0,2": 38.58747477364486,
    "0,3": 24.12860153436054,
    "0,4": 38.45092532860526,
    "0,5": 45.89293840644618,
    "0,6": 19.665286569403673,
    "0,7": 10.84938833192362,
    "0,8": 10.272469364673182,
    "0,9": 14.925545281789425,
    "1,0": 41.802850231446634,
    "1,1": 28.356089275380626,
    "1,2": 11.981258750958137,
    "1,3": 34.77076418231186,
    "1,4": 42.39731041185187,
    "1,5": 36.06648357850812,
    "1,6": 18.101141854998076,
    "1,7": 37.37398944595068,
    "1,8": 26.75092514150375,
    "1,9": 33.63025525071758,
    "2,0": 36.563848048161674,
    "2,1": 39.42427313326552,
    "2,2": 26.081234328026348,
    "2,3": 26.486896053386133,
    "2,4": 37.615211449555154,
    "2,5": 34.16956678725094,
    "2,6": 11.304512562432759,
    "2,7": 34.00312479368018,
    "2,8": 33.07317842773465,
    "2,9": 17.341443894292613,
    "3,0": 30.69861530750765,
    "3,1": 38.20979068265176,
    "3,2": 38.96041793673698,
    "3,3": 19.69136771083079,
    "3,4": 18.689478394501542,
    "3,5": 23.462577245499574,
    "3,6": 49.07324956320706,
    "3,7": 29.86641834964535,
    "3,8": 41.963782021338815,
    "3,9": 18.617330597434663,
    "4,0": 25.14123178838429,
    "4,1": 44.67989242694138,
    "4,2": 46.595679895285585,
    "4,3": 25.911141276412142,
    "4,4": 16.286570107961282,
    "4,5": 26.751192811270137,
    "4,6": 36.06358192196546,
    "4,7": 46.46786372584345,
    "4,8": 34.72373485219694,
    "4,9": 24.14965735131816,
    "5,0": 15.204703348403793,
    "5,1": 35.55778478237377,
    "5,2": 15.583578488417103,
    "5,3": 47.46235250623681,
    "5,4": 26.754631070656867,
    "5,5": 19.025162931247877,
    "5,6": 47.61431974320671,
    "5,7": 17.064281079977434,
    "5,8": 46.64485178050996,
    "5,9": 41.717652402874236,
    "6,0": 32.61503771068755,
    "6,1": 33.359612563734345,
    "6,2": 41.51630281943635,
    "6,3": 15.9278835442278,
    "6,4": 44.692011035771436,
    "6,5": 44.95764568374409,
    "6,6": 45.592604752922746,
    "6,7": 35.36182384283833,
    "6,8": 14.080506396213085,
    "6,9": 25.207912460477203,
    "7,0": 19.634848357124422,
    "7,1": 30.818925607296723,
    "7,2": 41.1379474318815,
    "7,3": 16.899331753421315,
    "7,4": 10.473305342996193,
    "7,5": 17.314126489332196,
    "7,6": 38.63326794795829,
    "7,7": 27.4265740936157,
    "7,8": 23.919037278211974,
    "7,9": 18.630517661015652,
    "8,0": 22.227927989349794,
    "8,1": 48.13780547259685,
    "8,2": 14.13187323972705,
    "8,3": 10.115634393045037,
    "8,4": 33.99957800661228,
    "8,5": 49.29652461591075,
    "8,6": 35.451979725250105,
    "8,7": 25.489939286391238,
    "8,8": 11.768510663716345,
    "8,9": 44.4609123445792,
    "9,0": 23.95430308074807,
    "9,1": 35.19584322785168,
    "9,2": 42.23042904436952,
    "9,3": 43.162412529485835,
    "9,4": 23.40088243971739,
    "9,5": 46.97515913702486,
    "9,6": 25.56712881828705,
    "9,7": 20.773678738948767,
    "9,8": 33.31323796678912,
    "9,9": 24.218464011100597
  }
}