{
  "config": {
    "n_customers": 10,
    "n_facilities": 5,
    "p_min": 20.0,
    "p_max": 80.0,
    "gamma": 0.3,
    "base_demand_min": 50,
    "base_demand_max": 150,
    "f_min": 500.0,
    "f_max": 1000.0,
    "c_min": 10.0,
    "c_max": 50.0,
    "tau_max": 0.4,
    "base_capacity_factor": 1.2,
    "cap_fluctuation": 0.2,
    "seed": 3285177208
  },
  "I": [
    0,
    1,
    2,
    3,
    4,
    5,
    6,
    7,
    8,
    9
  ],
  "J": [
    0,
    1,
    2,
    3,
    4
  ],
  "f": {
    "0": 832.5498916193416,
    "1": 719.3652502537781,
    "2": 919.978709542764,
    "3": 506.2570440686836,
    "4": 882.1148254658897
  },
  "a": {
    "0": 1.5983333333333332,
    "1": 0.9683333333333333,
    "2": 1.75,
    "3": 0.7816666666666666,
    "4": 1.353333333333333,
    "5": 1.4233333333333331,
    "6": 1.4583333333333333,
    "7": 0.6766666666666665,
    "8": 0.8866666666666666,
    "9": 1.26
  },
  "b": {
    "0": 168.96666666666667,
    "1": 102.36666666666667,
    "2": 185.0,
    "3": 82.63333333333333,
    "4": 143.06666666666666,
    "5": 150.46666666666667,
    "6": 154.16666666666666,
    "7": 71.53333333333333,
    "8": 93.73333333333333,
    "9": 133.2
  },
  "base_demand": {
    "0": 137.0,
    "1": 83.0,
    "2": 150.0,
    "3": 67.0,
    "4": 116.0,
    "5": 122.0,
    "6": 125.0,
    "7": 58.0,
    "8": 76.0,
    "9": 108.0
  },
  "tau_max": 0.4,
  "base_capacity_factor": 1.2,
  "cap_fluctuation": 0.2,
  "base_capacity": {
    "0": 247.0,
    "1": 213.0,
    "2": 205.0,
    "3": 252.0,
    "4": 299.0
  },
  "c": {
    "0,0": 19.417924449837617,
    "0,1": 38.60721690605205,
    "0,2": 14.736396193616667,
    "0,3": 28.537207191908742,
    "0,4": 22.2948303257777,
    "1,0": 14.912823858963694,
    "1,1": 22.53126581474133,
    "1,2": 16.248591029715747,
    "1,3": 29.16270073970923,
    "1,4": 20.88183901301738,
    "2,0": 42.475221312374664,
    "2,1": 13.585630423646151,
    "2,2": 47.991710364995896,
    "2,3": 17.829276654948956,
    "2,4": 37.457002852071206,
    "3,0": 48.664072435843686,
    "3,1": 32.1298090106809,
    "3,2": 15.77923204110338,
    "3,3": 29.597065843212576,
    "3,4": 33.906979835993106,
    "4,0": 29.659403238409226,
    "4,1": 20.03137872417399,
    "4,2": 45.02640468676995,
    "4,3": 19.025286640818067,
    "4,4": 15.030476416369659,
    "5,0": 39.26709992709791,
    "5,1": 23.60460925588751,
    "5,2": 26.535944802568473,
    "5,3": 10.008565925075992,
    "5,4": 26.55142934294364,
    "6,0": 13.22659197801463,
    "6,1": 10.381677592964454,
    "6,2": 15.010272045399127,
    "6,3": 29.054459224372803,
    "6,4": 40.52771809175898,
    "7,0": 30.553560225094635,
    "7,1": 48.17714097206131,
    "7,2": 29.22879021868232,
    "7,3": 11.766703686334349,
    "7,4": 19.60977002782129,
    "8,0": 45.437967788417765,
    "8,1": 29.865512848443203,
    "8,2": 33.18912876663772,
    "8,3": 28.5770485587028,
    "8,4": 32.0909336962326,
    "9,0": 30.949629796403716,
    "9,1": 27.992433781777343,
    "9,2": 22.48877469219938,
    "9,3": 41.249455177159746,
    "9,4": 35.060697786384644
  }
}