{
  "config": {
    "n_customers": 10,
    "n_facilities": 5,
    "p_min": 20.0,
    "p_max": 80.0,
    "gamma": 0.3,
    "base_demand_min": 50,
    "base_demand_max": 150,
    "f_min": 500.0,
    "f_max": 1000.0,
    "c_min": 10.0,
    "c_max": 50.0,
    "tau_max": 0.4,
    "base_capacity_factor": 1.2,
    "cap_fluctuation": 0.2,
    "seed": 1692857839
  },
  "I": [
    0,
    1,
    2,
    3,
    4,
    5,
    6,
    7,
    8,
    9
  ],
  "J": [
    0,
    1,
    2,
    3,
    4
  ],
  "f": {
    "0": 832.5014510697692,
    "1": 843.0816457101342,
    "2": 831.1195048274293,
    "3": 513.7231073101781,
    "4": 546.4164600422503
  },
  "a": {
    "0": 1.1083333333333334,
    "1": 0.6416666666666667,
    "2": 1.6333333333333333,
    "3": 1.3649999999999998,
    "4": 0.8283333333333333,
    "5": 0.6533333333333332,
    "6": 1.1316666666666666,
    "7": 0.7583333333333333,
    "8": 1.1783333333333332,
    "9": 1.3299999999999998
  },
  "b": {
    "0": 117.16666666666667,
    "1": 67.83333333333333,
    "2": 172.66666666666666,
    "3": 144.3,
    "4": 87.56666666666666,
    "5": 69.06666666666666,
    "6": 119.63333333333333,
    "7": 80.16666666666667,
    "8": 124.56666666666666,
    "9": 140.6
  },
  "base_demand": {
    "0": 95.0,
    "1": 55.0,
    "2": 140.0,
    "3": 117.0,
    "4": 71.0,
    "5": 56.0,
    "6": 97.0,
    "7": 65.0,
    "8": 101.0,
    "9": 114.0
  },
  "tau_max": 0.4,
  "base_capacity_factor": 1.2,
  "cap_fluctuation": 0.2,
  "base_capacity": {
    "0": 244.0,
    "1": 200.0,
    "2": 195.0,
    "3": 215.0,
    "4": 176.0
  },
  "c": {
    "0,0": 43.685038203970954,
    "0,1": 32.6103349344766,
    "0,2": 33.854879101414866,
    "0,3": 21.06392107169677,
    "0,4": 22.02879754398683,
    "1,0": 21.600149233542297,
    "1,1": 43.47881723721491,
    "1,2": 39.157035411789956,
    "1,3": 42.823816216287355,
    "1,4": 36.479065504274395,
    "2,0": 27.656860124531107,
    "2,1": 31.280607707408148,
    "2,2": 23.153616347650768,
    "2,3": 26.45032570288107,
    "2,4": 40.21052411421356,
    "3,0": 43.71857303102881,
    "3,1": 20.307025081904673,
    "3,2": 37.58946072400791,
    "3,3": 32.186251081259954,
    "3,4": 22.978700401936166,
    "4,0": 16.660260325638877,
    "4,1": 27.2361581419112,
    "4,2": 46.48770688080899,
    "4,3": 13.405948543283612,
    "4,4": 42.661251755089594,
    "5,0": 14.545128880056811,
    "5,1": 30.73853963571775,
    "5,2": 23.811262736643464,
    "5,3": 12.654732354522121,
    "5,4": 15.138631248540943,
    "6,0": 22.08512352770034,
    "6,1": 10.273118112691733,
    "6,2": 13.53619216158853,
    "6,3": 48.145712446543726,
    "6,4": 39.41737957515581,
    "7,0": 28.115139719552985,
    "7,1": 17.680983767761738,
    "7,2": 29.018955338476342,
    "7,3": 23.52518101112196,
    "7,4": 46.717045080156055,
    "8,0": 11.277102287971385,
    "8,1": 27.417130393211767,
    "8,2": 48.94581675800217,
    "8,3": 49.79490432780093,
    "8,4": 26.720509982571325,
    "9,0": 13.862353153709277,
    "9,1": 41.31654100417776,
    "9,2": 46.004125623584635,
    "9,3": 28.060164111163964,
    "9,4": 17.577318514110264
  }
}