{
  "config": {
    "n_customers": 10,
    "n_facilities": 10,
    "p_min": 20.0,
    "p_max": 80.0,
    "gamma": 0.3,
    "base_demand_min": 50,
    "base_demand_max": 150,
    "f_min": 500.0,
    "f_max": 1000.0,
    "c_min": 10.0,
    "c_max": 50.0,
    "tau_max": 0.4,
    "base_capacity_factor": 1.2,
    "cap_fluctuation": 0.2,
    "seed": 35580839
  },
  "I": [
    0,
    1,
    2,
    3,
    4,
    5,
    6,
    7,
    8,
    9
  ],
  "J": [
    0,
    1,
    2,
    3,
    4,
    5,
    6,
    7,
    8,
    9
  ],
  "f": {
    "0": 765.3506059520209,
    "1": 966.7649838418907,
    "2": 542.8457502364643,
    "3": 960.5614037877425,
    "4": 993.7496498897809,
    "5": 840.8766110290946,
    "6": 831.5150033185927,
    "7": 837.8205552950456,
    "8": 977.2414144762524,
    "9": 990.1654880309821
  },
  "a": {
    "0": 0.8166666666666667,
    "1": 1.2483333333333333,
    "2": 0.7349999999999999,
    "3": 1.6333333333333333,
    "4": 1.5516666666666665,
    "5": 1.5516666666666665,
    "6": 0.9683333333333333,
    "7": 0.63,
    "8": 0.7933333333333332,
    "9": 0.6533333333333332
  },
  "b": {
    "0": 86.33333333333333,
    "1": 131.96666666666667,
    "2": 77.7,
    "3": 172.66666666666666,
    "4": 164.03333333333333,
    "5": 164.03333333333333,
    "6": 102.36666666666667,
    "7": 66.6,
    "8": 83.86666666666666,
    "9": 69.06666666666666
  },
  "base_demand": {
    "0": 70.0,
    "1": 107.0,
    "2": 63.0,
    "3": 140.0,
    "4": 133.0,
    "5": 133.0,
    "6": 83.0,
    "7": 54.0,
    "8": 68.0,
    "9": 56.0
  },
  "tau_max": 0.4,
  "base_capacity_factor": 1.2,
  "cap_fluctuation": 0.2,
  "base_capacity": {
    "0": 92.0,
    "1": 126.0,
    "2": 90.0,
    "3": 113.0,
    "4": 109.0,
    "5": 90.0,
    "6": 104.0,
    "7": 115.0,
    "8": 116.0,
    "9": 115.0
  },
  "c": {
    "0,0": 40.50880953409832,
    "0,1": 49.579875802132506,
    "0,2": 13.677376765299227,
    "0,3": 17.40109188045979,
    "0,4": 22.18399797589911,
    "0,5": 10.447542460213999,
    "0,6": 49.62627532885882,
    "0,7": 18.58066567459581,
    "0,8": 45.098179412818034,
    "0,9": 46.22324618414018,
    "1,0": 37.16535301283328,
    "1,1": 20.78354120760299,
    "1,2": 38.550093651942326,
    "1,3": 38.60195790554552,
    "1,4": 17.051390603128176,
    "1,5": 30.60575244031647,
    "1,6": 32.58088436994215,
    "1,7": 38.23209732254254,
    "1,8": 31.174291410726607,
    "1,9": 32.328626955857665,
    "2,0": 35.74183828084148,
    "2,1": 43.45846845407342,
    "2,2": 34.665766618719175,
    "2,3": 32.1689346445399,
    "2,4": 40.59751119329102,
    "2,5": 24.35303664509761,
    "2,6": 47.78279069418665,
    "2,7": 32.28114983402695,
    "2,8": 47.52664227814871,
    "2,9": 13.002443800094596,
    "3,0": 43.61382855703083,
    "3,1": 11.440906009025138,
    "3,2": 15.154964254420143,
    "3,3": 26.197756411547587,
    "3,4": 17.253113631088716,
    "3,5": 28.84634521099948,
    "3,6": 29.604568378015948,
    "3,7": 32.02563274964125,
    "3,8": 10.635084790841006,
    "3,9": 27.508376074145232,
    "4,0": 22.349612610450734,
    "4,1": 39.28533256662234,
    "4,2": 33.9361072807364,
    "4,3": 16.013422542864134,
    "4,4": 24.174429538178348,
    "4,5": 31.644961739350276,
    "4,6": 47.75933727360424,
    "4,7": 40.12679433153631,
    "4,8": 26.65510485188644,
    "4,9": 36.686110975732774,
    "5,0": 31.34606481520603,
    "5,1": 12.168641315175615,
    "5,2": 45.27381605586391,
    "5,3": 22.573243295878168,
    "5,4": 46.37703836915075,
    "5,5": 28.96049555106998,
    "5,6": 35.67305654399576,
    "5,7": 39.57584977737754,
    "5,8": 17.086749942363987,
    "5,9": 24.323106799503663,
    "6,0": 12.148786557969755,
    "6,1": 40.43002389973417,
    "6,2": 48.923088898572935,
    "6,3": 43.57461836963346,
    "6,4": 34.31530878496107,
    "6,5": 41.67707205743668,
    "6,6": 36.91873823614008,
    "6,7": 19.042028582487053,
    "6,8": 49.66611388542273,
    "6,9": 36.07678472431415,
    "7,0": 22.152846236262832,
    "7,1": 40.62791509867087,
    "7,2": 39.79092135235982,
    "7,3": 27.29821933100024,
    "7,4": 23.625420808181254,
    "7,5": 35.5378674546842,
    "7,6": 18.955246993773965,
    "7,7": 42.4301751249798,
    "7,8": 49.29555167260986,
    "7,9": 19.33204732920236,
    "8,0": 22.14469923122857,
    "8,1": 41.23792072045087,
    "8,2": 30.87699426136622,
    "8,3": 17.94866715700364,
    "8,4": 24.96066553062889,
    "8,5": 34.549076013854176,
    "8,6": 42.36081722091385,
    "8,7": 19.610973275200543,
    "8,8": 18.577714235847125,
    "8,9": 36.935448528240535,
    "9,0": 42.44222164890449,
    "9,1": 23.140436473442495,
    "9,2": 49.687282120864985,
    "9,3": 11.449039274438011,
    "9,4": 25.14113997369749,
    "9,5": 47.20872284746774,
    "9,6": 14.738424901348948,
    "9,7": 44.91517255829383,
    "9,8": 35.08634870446577,
    "9,9": 33.63453014575937
  }
}