{
  "config": {
    "n_customers": 10,
    "n_facilities": 5,
    "p_min": 20.0,
    "p_max": 80.0,
    "gamma": 0.3,
    "base_demand_min": 50,
    "base_demand_max": 150,
    "f_min": 500.0,
    "f_max": 1000.0,
    "c_min": 10.0,
    "c_max": 50.0,
    "tau_max": 0.4,
    "base_capacity_factor": 1.2,
    "cap_fluctuation": 0.2,
    "seed": 383483661
  },
  "I": [
    0,
    1,
    2,
    3,
    4,
    5,
    6,
    7,
    8,
    9
  ],
  "J": [
    0,
    1,
    2,
    3,
    4
  ],
  "f": {
    "0": 817.7700589367367,
    "1": 684.5748897271359,
    "2": 829.5544240413894,
    "3": 838.4535024778609,
    "4": 833.6062550350075
  },
  "a": {
    "0": 1.26,
    "1": 0.84,
    "2": 1.1666666666666667,
    "3": 1.3766666666666665,
    "4": 0.945,
    "5": 0.8049999999999999,
    "6": 1.3883333333333332,
    "7": 0.875,
    "8": 1.5516666666666665,
    "9": 0.6533333333333332
  },
  "b": {
    "0": 133.2,
    "1": 88.8,
    "2": 123.33333333333334,
    "3": 145.53333333333333,
    "4": 99.9,
    "5": 85.1,
    "6": 146.76666666666665,
    "7": 92.5,
    "8": 164.03333333333333,
    "9": 69.06666666666666
  },
  "base_demand": {
    "0": 108.0,
    "1": 72.0,
    "2": 100.0,
    "3": 118.0,
    "4": 81.0,
    "5": 69.0,
    "6": 119.0,
    "7": 75.0,
    "8": 133.0,
    "9": 56.0
  },
  "tau_max": 0.4,
  "base_capacity_factor": 1.2,
  "cap_fluctuation": 0.2,
  "base_capacity": {
    "0": 240.0,
    "1": 203.0,
    "2": 225.0,
    "3": 237.0,
    "4": 196.0
  },
  "c": {
    "0,0": 31.90809687571877,
    "0,1": 40.559490284630904,
    "0,2": 33.31357930098563,
    "0,3": 42.00506824395162,
    "0,4": 45.96674276479247,
    "1,0": 43.77751411707444,
    "1,1": 29.98456349819294,
    "1,2": 18.0995209303062,
    "1,3": 43.758412017602005,
    "1,4": 43.13143193361136,
    "2,0": 39.01565574374778,
    "2,1": 25.51163930249796,
    "2,2": 42.89703509727091,
    "2,3": 34.650801060749956,
    "2,4": 49.4111863494349,
    "3,0": 12.780638738324246,
    "3,1": 30.818891820924215,
    "3,2": 27.344692352977948,
    "3,3": 33.000494169042256,
    "3,4": 21.656327260612333,
    "4,0": 33.14180617918373,
    "4,1": 39.86183218201438,
    "4,2": 29.556147091599883,
    "4,3": 45.57332793189775,
    "4,4": 30.80624938879629,
    "5,0": 46.32669983094714,
    "5,1": 37.80150948679311,
    "5,2": 27.304654520598195,
    "5,3": 41.152751234375536,
    "5,4": 13.195407167885062,
    "6,0": 27.04164030834514,
    "6,1": 44.909897828762105,
    "6,2": 39.71848956165311,
    "6,3": 48.21095463011534,
    "6,4": 13.460869225230248,
    "7,0": 10.113241158842282,
    "7,1": 37.46569857569816,
    "7,2": 38.594374939754154,
    "7,3": 12.09371196947043,
    "7,4": 37.092264075797516,
    "8,0": 16.922093660251253,
    "8,1": 25.50644919366921,
    "8,2": 30.684003919026075,
    "8,3": 28.13092845342276,
    "8,4": 15.143889627502594,
    "9,0": 20.507783705333612,
    "9,1": 13.154031689113804,
    "9,2": 42.65133082983071,
    "9,3": 22.642050986162282,
    "9,4": 49.31210826139853
  }
}