{
  "config": {
    "n_customers": 5,
    "n_facilities": 5,
    "p_min": 20.0,
    "p_max": 80.0,
    "gamma": 0.3,
    "base_demand_min": 50,
    "base_demand_max": 150,
    "f_min": 500.0,
    "f_max": 1000.0,
    "c_min": 10.0,
    "c_max": 50.0,
    "tau_max": 0.4,
    "base_capacity_factor": 1.2,
    "cap_fluctuation": 0.2,
    "seed": 3653403230
  },
  "I": [
    0,
    1,
    2,
    3,
    4
  ],
  "J": [
    0,
    1,
    2,
    3,
    4
  ],
  "f": {
    "0": 727.9662576653599,
    "1": 657.9698492698624,
    "2": 513.258531591266,
    "3": 911.5709627658783,
    "4": 785.6004642852938
  },
  "a": {
    "0": 1.7266666666666666,
    "1": 1.5866666666666664,
    "2": 1.6333333333333333,
    "3": 1.4349999999999998,
    "4": 1.4816666666666665
  },
  "b": {
    "0": 182.53333333333333,
    "1": 167.73333333333332,
    "2": 172.66666666666666,
    "3": 151.7,
    "4": 156.63333333333333
  },
  "base_demand": {
    "0": 148.0,
    "1": 136.0,
    "2": 140.0,
    "3": 123.0,
    "4": 127.0
  },
  "tau_max": 0.4,
  "base_capacity_factor": 1.2,
  "cap_fluctuation": 0.2,
  "base_capacity": {
    "0": 159.0,
    "1": 173.0,
    "2": 139.0,
    "3": 189.0,
    "4": 140.0
  },
  "c": {
    "0,0": 36.933262960595215,
    "0,1": 31.6976067695106,
    "0,2": 11.553043300213801,
    "0,3": 29.330608987831145,
    "0,4": 39.00973697556787,
    "1,0": 32.945915790169074,
    "1,1": 45.79235292794619,
    "1,2": 43.50722262396343,
    "1,3": 35.31276354307041,
    "1,4": 45.6817314850704,
    "2,0": 24.266239033866892,
    "2,1": 10.001219800012503,
    "2,2": 33.345773319928114,
    "2,3": 48.77257927409389,
    "2,4": 33.10751517303577,
    "3,0": 28.263464511398567,
    "3,1": 45.85883368120434,
    "3,2": 48.710878370454125,
    "3,3": 10.45371214891134,
    "3,4": 33.04194347056563,
    "4,0": 16.171559811442698,
    "4,1": 49.394095077870716,
    "4,2": 13.861270604609185,
    "4,3": 22.889360680657838,
    "4,4": 38.42782634625327
  }
}