{
  "config": {
    "n_customers": 5,
    "n_facilities": 5,
    "p_min": 20.0,
    "p_max": 80.0,
    "gamma": 0.3,
    "base_demand_min": 50,
    "base_demand_max": 150,
    "f_min": 500.0,
    "f_max": 1000.0,
    "c_min": 10.0,
    "c_max": 50.0,
    "tau_max": 0.4,
    "base_capacity_factor": 1.2,
    "cap_fluctuation": 0.2,
    "seed": 1322117303
  },
  "I": [
    0,
    1,
    2,
    3,
    4
  ],
  "J": [
    0,
    1,
    2,
    3,
    4
  ],
  "f": {
    "0": 832.3340134119396,
    "1": 717.6669632028005,
    "2": 532.1994852663306,
    "3": 868.6180450210001,
    "4": 891.7565307641673
  },
  "a": {
    "0": 1.1316666666666666,
    "1": 1.528333333333333,
    "2": 0.945,
    "3": 1.1316666666666666,
    "4": 0.8283333333333333
  },
  "b": {
    "0": 119.63333333333333,
    "1": 161.56666666666666,
    "2": 99.9,
    "3": 119.63333333333333,
    "4": 87.56666666666666
  },
  "base_demand": {
    "0": 97.0,
    "1": 131.0,
    "2": 81.0,
    "3": 97.0,
    "4": 71.0
  },
  "tau_max": 0.4,
  "base_capacity_factor": 1.2,
  "cap_fluctuation": 0.2,
  "base_capacity": {
    "0": 106.0,
    "1": 126.0,
    "2": 121.0,
    "3": 127.0,
    "4": 118.0
  },
  "c": {
    "0,0": 10.802626860916845,
    "0,1": 18.996215795651786,
    "0,2": 32.509409430053864,
    "0,3": 11.636442850185222,
    "0,4": 17.9047934053288,
    "1,0": 19.028901458416566,
    "1,1": 46.58256651324459,
    "1,2": 33.86501417265678,
    "1,3": 30.614003110630176,
    "1,4": 39.76350165637446,
    "2,0": 35.874457582965015,
    "2,1": 40.82877558757015,
    "2,2": 26.26577099812949,
    "2,3": 48.805500737726184,
    "2,4": 22.478362111812793,
    "3,0": 46.86970856327108,
    "3,1": 39.795479262152995,
    "3,2": 48.754715836939745,
    "3,3": 41.97639457409684,
    "3,4": 30.402858101361385,
    "4,0": 46.45380742091827,
    "4,1": 49.51908894743066,
    "4,2": 34.03658720264053,
    "4,3": 14.325760128911579,
    "4,4": 22.969464114867378
  }
}