{
  "config": {
    "n_customers": 5,
    "n_facilities": 10,
    "p_min": 20.0,
    "p_max": 80.0,
    "gamma": 0.3,
    "base_demand_min": 50,
    "base_demand_max": 150,
    "f_min": 500.0,
    "f_max": 1000.0,
    "c_min": 10.0,
    "c_max": 50.0,
    "tau_max": 0.4,
    "base_capacity_factor": 1.2,
    "cap_fluctuation": 0.2,
    "seed": 1191196491
  },
  "I": [
    0,
    1,
    2,
    3,
    4
  ],
  "J": [
    0,
    1,
    2,
    3,
    4,
    5,
    6,
    7,
    8,
    9
  ],
  "f": {
    "0": 816.8011043923682,
    "1": 622.2001526755897,
    "2": 719.7923946636854,
    "3": 544.4368653964216,
    "4": 629.5491427340294,
    "5": 523.3310116736398,
    "6": 863.8774473644803,
    "7": 713.1552373258497,
    "8": 730.8879642591024,
    "9": 950.3499448094861
  },
  "a": {
    "0": 0.8049999999999999,
    "1": 0.6416666666666667,
    "2": 0.9916666666666666,
    "3": 1.5633333333333332,
    "4": 0.7933333333333332
  },
  "b": {
    "0": 85.1,
    "1": 67.83333333333333,
    "2": 104.83333333333333,
    "3": 165.26666666666665,
    "4": 83.86666666666666
  },
  "base_demand": {
    "0": 69.0,
    "1": 55.0,
    "2": 85.0,
    "3": 134.0,
    "4": 68.0
  },
  "tau_max": 0.4,
  "base_capacity_factor": 1.2,
  "cap_fluctuation": 0.2,
  "base_capacity": {
    "0": 48.0,
    "1": 39.0,
    "2": 43.0,
    "3": 43.0,
    "4": 44.0,
    "5": 49.0,
    "6": 44.0,
    "7": 50.0,
    "8": 55.0,
    "9": 54.0
  },
  "c": {
    "0,0": 46.31006014277746,
    "0,1": 32.297307909768826,
    "0,2": 26.337675155699152,
    "0,3": 16.584492927581405,
    "0,4": 20.518810075012507,
    "0,5": 19.36385636981228,
    "0,6": 19.29354036385657,
    "0,7": 28.73597014374138,
    "0,8": 22.282408195381596,
    "0,9": 40.58050794635847,
    "1,0": 42.6412483387118,
    "1,1": 21.08315762882327,
    "1,2": 35.32978093819559,
    "1,3": 33.93529072008296,
    "1,4": 21.800405718209813,
    "1,5": 25.02121971903598,
    "1,6": 49.944541577867135,
    "1,7": 15.028310150597726,
    "1,8": 41.995974405503446,
    "1,9": 25.858468469248294,
    "2,0": 18.40147104122003,
    "2,1": 46.921219864643874,
    "2,2": 36.330074768751366,
    "2,3": 47.21277563932955,
    "2,4": 27.917062995097766,
    "2,5": 28.724028484326283,
    "2,6": 39.88256459665311,
    "2,7": 26.266439815382885,
    "2,8": 35.403149456674214,
    "2,9": 33.43422322149004,
    "3,0": 12.328215084878513,
    "3,1": 49.337087609745524,
    "3,2": 46.41654933959043,
    "3,3": 25.081381262455036,
    "3,4": 43.2055871451482,
    "3,5": 47.41050258968074,
    "3,6": 13.455450274767934,
    "3,7": 46.470536183432564,
    "3,8": 23.123253221677228,
    "3,9": 19.77995577996237,
    "4,0": 19.793205917679835,
    "4,1": 11.840298573933449,
    "4,2": 28.08937619600264,
    "4,3": 45.5005344013805,
    "4,4": 28.15707236611752,
    "4,5": 46.16440408447849,
    "4,6": 12.64274365179459,
    "4,7": 31.252999246812372,
    "4,8": 49.79071447925981,
    "4,9": 31.776702537947337
  }
}