{
  "config": {
    "n_customers": 5,
    "n_facilities": 5,
    "p_min": 20.0,
    "p_max": 80.0,
    "gamma": 0.3,
    "base_demand_min": 50,
    "base_demand_max": 150,
    "f_min": 500.0,
    "f_max": 1000.0,
    "c_min": 10.0,
    "c_max": 50.0,
    "tau_max": 0.4,
    "base_capacity_factor": 1.2,
    "cap_fluctuation": 0.2,
    "seed": 752767290
  },
  "I": [
    0,
    1,
    2,
    3,
    4
  ],
  "J": [
    0,
    1,
    2,
    3,
    4
  ],
  "f": {
    "0": 582.1808131581419,
    "1": 836.4073984826406,
    "2": 761.6350565102963,
    "3": 996.6210249894151,
    "4": 950.842258398236
  },
  "a": {
    "0": 0.6766666666666665,
    "1": 1.2016666666666667,
    "2": 1.1666666666666667,
    "3": 0.7816666666666666,
    "4": 0.8866666666666666
  },
  "b": {
    "0": 71.53333333333333,
    "1": 127.03333333333333,
    "2": 123.33333333333334,
    "3": 82.63333333333333,
    "4": 93.73333333333333
  },
  "base_demand": {
    "0": 58.0,
    "1": 103.0,
    "2": 100.0,
    "3": 67.0,
    "4": 76.0
  },
  "tau_max": 0.4,
  "base_capacity_factor": 1.2,
  "cap_fluctuation": 0.2,
  "base_capacity": {
    "0": 100.0,
    "1": 79.0,
    "2": 88.0,
    "3": 112.0,
    "4": 114.0
  },
  "c": {
    "0,0": 42.59104435071316,
    "0,1": 44.18792469689582,
    "0,2": 30.17697270851297,
    "0,3": 27.307388408788434,
    "0,4": 44.535621318595716,
    "1,0": 23.077084489197937,
    "1,1": 29.46067923741748,
    "1,2": 17.052683143306112,
    "1,3": 10.467569386491276,
    "1,4": 11.180240969367038,
    "2,0": 16.31808958540761,
    "2,1": 39.49683184782768,
    "2,2": 45.27030888405925,
    "2,3": 15.624514532169954,
    "2,4": 22.05812362752805,
    "3,0": 18.90958853344018,
    "3,1": 46.42786820660842,
    "3,2": 20.679222439383498,
    "3,3": 19.84677098321356,
    "3,4": 32.35782946176338,
    "4,0": 41.64906941407453,
    "4,1": 49.27574909931288,
    "4,2": 39.466789983771534,
    "4,3": 32.158701388287945,
    "4,4": 18.833185911850677
  }
}