{
  "config": {
    "n_customers": 5,
    "n_facilities": 10,
    "p_min": 20.0,
    "p_max": 80.0,
    "gamma": 0.3,
    "base_demand_min": 50,
    "base_demand_max": 150,
    "f_min": 500.0,
    "f_max": 1000.0,
    "c_min": 10.0,
    "c_max": 50.0,
    "tau_max": 0.4,
    "base_capacity_factor": 1.2,
    "cap_fluctuation": 0.2,
    "seed": 2715582398
  },
  "I": [
    0,
    1,
    2,
    3,
    4
  ],
  "J": [
    0,
    1,
    2,
    3,
    4,
    5,
    6,
    7,
    8,
    9
  ],
  "f": {
    "0": 920.0770871043676,
    "1": 555.1799000370161,
    "2": 759.4312859863331,
    "3": 628.9039663701503,
    "4": 744.520036329126,
    "5": 951.1175442163919,
    "6": 616.0713353493743,
    "7": 817.0031638203166,
    "8": 901.4683491888285,
    "9": 642.0606904277943
  },
  "a": {
    "0": 1.505,
    "1": 1.4349999999999998,
    "2": 1.575,
    "3": 1.68,
    "4": 1.1199999999999999
  },
  "b": {
    "0": 159.1,
    "1": 151.7,
    "2": 166.5,
    "3": 177.6,
    "4": 118.4
  },
  "base_demand": {
    "0": 129.0,
    "1": 123.0,
    "2": 135.0,
    "3": 144.0,
    "4": 96.0
  },
  "tau_max": 0.4,
  "base_capacity_factor": 1.2,
  "cap_fluctuation": 0.2,
  "base_capacity": {
    "0": 68.0,
    "1": 87.0,
    "2": 85.0,
    "3": 81.0,
    "4": 84.0,
    "5": 62.0,
    "6": 70.0,
    "7": 66.0,
    "8": 68.0,
    "9": 82.0
  },
  "c": {
    "0,0": 18.417824843812372,
    "0,1": 30.27801650062016,
    "0,2": 27.240281121258285,
    "0,3": 41.028351799977514,
    "0,4": 20.17372065306125,
    "0,5": 25.45653085020106,
    "0,6": 23.855300629015733,
    "0,7": 19.06230664117964,
    "0,8": 20.120632742530397,
    "0,9": 45.97841867671271,
    "1,0": 10.003440509045038,
    "1,1": 23.940208039925928,
    "1,2": 30.006248560881218,
    "1,3": 29.527944456377305,
    "1,4": 28.092796387033133,
    "1,5": 18.085228044070366,
    "1,6": 32.7299882022954,
    "1,7": 29.110124611704443,
    "1,8": 41.84002504718161,
    "1,9": 48.261678136318174,
    "2,0": 38.44762611235839,
    "2,1": 32.1463530275416,
    "2,2": 30.07259972985349,
    "2,3": 12.581189531800788,
    "2,4": 43.36549927591699,
    "2,5": 35.17233178535099,
    "2,6": 19.99671275965992,
    "2,7": 28.86734527633092,
    "2,8": 28.486347047819805,
    "2,9": 36.20366786742214,
    "3,0": 33.619149441341605,
    "3,1": 28.606989592880574,
    "3,2": 14.834715939608362,
    "3,3": 27.048644549064633,
    "3,4": 47.22218160347019,
    "3,5": 33.98286088270157,
    "3,6": 44.28645717719715,
    "3,7": 25.398113452600427,
    "3,8": 12.45364947164299,
    "3,9": 21.34043330877045,
    "4,0": 13.416455019831632,
    "4,1": 24.2735119263045,
    "4,2": 49.536455298010374,
    "4,3": 31.813708388453016,
    "4,4": 42.85459907406511,
    "4,5": 43.459736335319434,
    "4,6": 19.979646779911082,
    "4,7": 40.21627534785003,
    "4,8": 31.093441914766544,
    "4,9": 29.5378754104997
  }
}