{
  "config": {
    "n_customers": 5,
    "n_facilities": 10,
    "p_min": 20.0,
    "p_max": 80.0,
    "gamma": 0.3,
    "base_demand_min": 50,
    "base_demand_max": 150,
    "f_min": 500.0,
    "f_max": 1000.0,
    "c_min": 10.0,
    "c_max": 50.0,
    "tau_max": 0.4,
    "base_capacity_factor": 1.2,
    "cap_fluctuation": 0.2,
    "seed": 2163061374
  },
  "I": [
    0,
    1,
    2,
    3,
    4
  ],
  "J": [
    0,
    1,
    2,
    3,
    4,
    5,
    6,
    7,
    8,
    9
  ],
  "f": {
    "0": 516.4862951619778,
    "1": 759.7561392035495,
    "2": 688.0332483607215,
    "3": 927.487031807264,
    "4": 879.3694622313925,
    "5": 714.155137441053,
    "6": 992.0409959102253,
    "7": 840.0409829181395,
    "8": 555.8809936998998,
    "9": 887.6903147400948
  },
  "a": {
    "0": 1.6566666666666665,
    "1": 0.7116666666666666,
    "2": 1.4699999999999998,
    "3": 1.575,
    "4": 1.3066666666666664
  },
  "b": {
    "0": 175.13333333333333,
    "1": 75.23333333333333,
    "2": 155.4,
    "3": 166.5,
    "4": 138.13333333333333
  },
  "base_demand": {
    "0": 142.0,
    "1": 61.0,
    "2": 126.0,
    "3": 135.0,
    "4": 112.0
  },
  "tau_max": 0.4,
  "base_capacity_factor": 1.2,
  "cap_fluctuation": 0.2,
  "base_capacity": {
    "0": 82.0,
    "1": 62.0,
    "2": 78.0,
    "3": 75.0,
    "4": 63.0,
    "5": 57.0,
    "6": 72.0,
    "7": 55.0,
    "8": 65.0,
    "9": 56.0
  },
  "c": {
    "0,0": 15.907387402599333,
    "0,1": 15.160634116304731,
    "0,2": 17.00878328306071,
    "0,3": 29.676598482158774,
    "0,4": 41.13829464283325,
    "0,5": 21.63672411536991,
    "0,6": 24.85156827841986,
    "0,7": 41.73304596123787,
    "0,8": 32.39940512698135,
    "0,9": 48.86243502934167,
    "1,0": 13.028253583713587,
    "1,1": 10.311388382614414,
    "1,2": 38.59085008970391,
    "1,3": 23.971620265946886,
    "1,4": 31.008373304030737,
    "1,5": 11.063806597274898,
    "1,6": 22.824678056409017,
    "1,7": 43.67637364374384,
    "1,8": 47.873616010860005,
    "1,9": 11.70634560047693,
    "2,0": 18.13397599367855,
    "2,1": 24.67437743540429,
    "2,2": 49.22918176041323,
    "2,3": 31.67720360206165,
    "2,4": 33.82243132008397,
    "2,5": 38.58880512088135,
    "2,6": 12.220877857973171,
    "2,7": 13.931621735981023,
    "2,8": 25.248656948580674,
    "2,9": 20.923025511685665,
    "3,0": 28.51231529216332,
    "3,1": 18.01123990080334,
    "3,2": 15.970904749142463,
    "3,3": 28.366447054026338,
    "3,4": 36.65330731640339,
    "3,5": 15.769745350356663,
    "3,6": 25.319683721579555,
    "3,7": 23.731102902807955,
    "3,8": 25.99668841418216,
    "3,9": 27.11547751244649,
    "4,0": 40.07135007656066,
    "4,1": 28.48651915611459,
    "4,2": 13.665042484135785,
    "4,3": 45.83642858469963,
    "4,4": 17.54653212722004,
    "4,5": 22.885576388013234,
    "4,6": 34.72508277123093,
    "4,7": 18.336619331823147,
    "4,8": 17.41191612848286,
    "4,9": 41.91075473383027
  }
}