{
  "config": {
    "n_customers": 10,
    "n_facilities": 5,
    "p_min": 20.0,
    "p_max": 80.0,
    "gamma": 0.3,
    "base_demand_min": 50,
    "base_demand_max": 150,
    "f_min": 500.0,
    "f_max": 1000.0,
    "c_min": 10.0,
    "c_max": 50.0,
    "tau_max": 0.05,
    "base_capacity_factor": 1.2,
    "cap_fluctuation": 0.1,
    "seed": 2715582398
  },
  "I": [
    0,
    1,
    2,
    3,
    4,
    5,
    6,
    7,
    8,
    9
  ],
  "J": [
    0,
    1,
    2,
    3,
    4
  ],
  "f": {
    "0": 920.0770871043676,
    "1": 555.1799000370161,
    "2": 759.4312859863331,
    "3": 628.9039663701503,
    "4": 744.520036329126
  },
  "a": {
    "0": 1.7383333333333333,
    "1": 0.8516666666666666,
    "2": 1.0383333333333333,
    "3": 1.3416666666666666,
    "4": 1.7383333333333333,
    "5": 1.4,
    "6": 1.085,
    "7": 0.8516666666666666,
    "8": 0.8633333333333333,
    "9": 1.2833333333333334
  },
  "b": {
    "0": 183.76666666666665,
    "1": 90.03333333333333,
    "2": 109.76666666666667,
    "3": 141.83333333333334,
    "4": 183.76666666666665,
    "5": 148.0,
    "6": 114.7,
    "7": 90.03333333333333,
    "8": 91.26666666666667,
    "9": 135.66666666666666
  },
  "base_demand": {
    "0": 149.0,
    "1": 73.0,
    "2": 89.0,
    "3": 115.0,
    "4": 149.0,
    "5": 120.0,
    "6": 93.0,
    "7": 73.0,
    "8": 74.0,
    "9": 110.0
  },
  "tau_max": 0.05,
  "base_capacity_factor": 1.2,
  "cap_fluctuation": 0.1,
  "base_capacity": {
    "0": 247.0,
    "1": 274.0,
    "2": 249.0,
    "3": 228.0,
    "4": 267.0
  },
  "customer_coords": {
    "0": [
      90.22350884327838,
      23.21426706987486
    ],
    "1": [
      63.40063276406332,
      80.2936698377657
    ],
    "2": [
      28.412138085558848,
      21.04456210953093
    ],
    "3": [
      50.6950412515504,
      43.10070280314571
    ],
    "4": [
      77.57087949994379,
      25.434301632653124
    ],
    "5": [
      38.64132712550264,
      34.63825157253934
    ],
    "6": [
      22.6557666029491,
      25.301581856325996
    ],
    "7": [
      89.94604669178176,
      0.008601272612596134
    ],
    "8": [
      34.850520099814815,
      50.015621402203045
    ],
    "9": [
      48.81986114094327,
      45.23199096758284
    ]
  },
  "facility_coords": {
    "0": [
      20.213070110175913,
      56.824970505738506
    ],
    "1": [
      47.77531152926111,
      79.60006261795402
    ],
    "2": [
      95.65419534079544,
      71.11906528089598
    ],
    "3": [
      55.365882568854,
      50.18149932463373
    ],
    "4": [
      6.452973829501973,
      83.41374818979249
    ]
  },
  "c": {
    "0,0": 23.900654351670873,
    "0,1": 20.114287723644736,
    "0,2": 14.381580718042008,
    "0,3": 13.121348101852403,
    "0,4": 31.907197679771542,
    "1,0": 15.012514401685747,
    "1,1": 4.6595309719449265,
    "1,2": 9.297108588663885,
    "1,3": 9.211734463130805,
    "1,4": 18.58327090054409,
    "2,0": 11.231642090084645,
    "2,1": 19.823846230371245,
    "2,2": 24.572925075675105,
    "2,3": 10.862961884682129,
    "2,4": 18.977721198705286,
    "3,0": 9.197176128732508,
    "3,1": 10.670264968990706,
    "3,2": 17.44492660469882,
    "3,3": 2.5678562884350113,
    "3,4": 19.110301005555698,
    "4,0": 20.935827852343515,
    "4,1": 17.61679682048264,
    "4,2": 15.493002056084288,
    "4,3": 10.029186968862488,
    "4,4": 27.463537136144183,
    "5,0": 9.046619308744106,
    "5,1": 14.962460000663583,
    "5,2": 19.361155849436543,
    "5,3": 7.285600121408855,
    "5,4": 18.56410123431473,
    "6,0": 9.15831059371961,
    "6,1": 17.152389721734494,
    "6,2": 27.449304615794386,
    "6,3": 11.61377602063142,
    "6,4": 16.4118405186889,
    "7,0": 24.857391012631783,
    "7,1": 25.073208685464497,
    "7,2": 20.981206396350167,
    "7,3": 19.63967496560214,
    "7,4": 37.80299071379463,
    "8,0": 4.6554321525542655,
    "8,1": 10.101286764219699,
    "8,2": 17.91622109139659,
    "8,3": 6.100086630237842,
    "8,4": 13.158150170827545,
    "9,0": 9.939394005169284,
    "9,1": 10.687078143268614,
    "9,2": 14.936721540834046,
    "9,3": 2.678731924088721,
    "9,4": 17.956067611979073
  }
}