{
  "config": {
    "n_customers": 10,
    "n_facilities": 5,
    "p_min": 20.0,
    "p_max": 80.0,
    "gamma": 0.3,
    "base_demand_min": 50,
    "base_demand_max": 150,
    "f_min": 500.0,
    "f_max": 1000.0,
    "c_min": 10.0,
    "c_max": 50.0,
    "tau_max": 0.8,
    "base_capacity_factor": 1.2,
    "cap_fluctuation": 0.4,
    "seed": 1692857839
  },
  "I": [
    0,
    1,
    2,
    3,
    4,
    5,
    6,
    7,
    8,
    9
  ],
  "J": [
    0,
    1,
    2,
    3,
    4
  ],
  "f": {
    "0": 832.5014510697692,
    "1": 843.0816457101342,
    "2": 831.1195048274293,
    "3": 513.7231073101781,
    "4": 546.4164600422503
  },
  "a": {
    "0": 1.1083333333333334,
    "1": 1.4,
    "2": 0.6416666666666667,
    "3": 1.5516666666666665,
    "4": 0.7699999999999999,
    "5": 1.0733333333333333,
    "6": 0.98,
    "7": 0.595,
    "8": 0.7583333333333333,
    "9": 1.6216666666666666
  },
  "b": {
    "0": 117.16666666666667,
    "1": 148.0,
    "2": 67.83333333333333,
    "3": 164.03333333333333,
    "4": 81.4,
    "5": 113.46666666666667,
    "6": 103.6,
    "7": 62.9,
    "8": 80.16666666666667,
    "9": 171.43333333333334
  },
  "base_demand": {
    "0": 95.0,
    "1": 120.0,
    "2": 55.0,
    "3": 133.0,
    "4": 66.0,
    "5": 92.0,
    "6": 84.0,
    "7": 51.0,
    "8": 65.0,
    "9": 139.0
  },
  "tau_max": 0.8,
  "base_capacity_factor": 1.2,
  "cap_fluctuation": 0.4,
  "base_capacity": {
    "0": 247.0,
    "1": 252.0,
    "2": 222.0,
    "3": 302.0,
    "4": 194.0
  },
  "customer_coords": {
    "0": [
      84.2125955099274,
      56.525837336191486
    ],
    "1": [
      59.63719775353717,
      27.659802679241928
    ],
    "2": [
      30.071993859967073,
      29.000373083855745
    ],
    "3": [
      83.69704309303728,
      72.89258852947489
    ],
    "4": [
      82.05954054071839,
      66.19766376068598
    ],
    "5": [
      44.14215031132777,
      53.20151926852037
    ],
    "6": [
      32.88404086912692,
      41.12581425720268
    ],
    "7": [
      75.52631028553391,
      84.29643257757203
    ],
    "8": [
      25.76756270476168,
      68.97365181001976
    ],
    "9": [
      55.46562770314989,
      32.446751004840415
    ]
  },
  "facility_coords": {
    "0": [
      16.65065081409719,
      43.090395354777996
    ],
    "1": [
      91.21926720202248,
      8.514871358209032
    ],
    "2": [
      81.65312938772398,
      11.36282220014203
    ],
    "3": [
      51.84634908929438,
      34.52815684160866
    ],
    "4": [
      6.636830886305301,
      12.846578121352358
    ]
  },
  "c": {
    "0,0": 19.847642656636406,
    "0,1": 13.120154654029202,
    "0,2": 12.45352208778621,
    "0,3": 12.805379403479026,
    "0,4": 27.965825448795577,
    "1,0": 13.572520219581058,
    "1,1": 10.397085895647308,
    "1,2": 8.177133650589788,
    "1,3": 3.0149653505621874,
    "1,4": 17.88940944244439,
    "2,0": 5.2912660586415265,
    "2,1": 19.096422237943468,
    "2,2": 17.90317905038358,
    "2,3": 7.406558703103343,
    "2,4": 8.398933504667761,
    "3,0": 20.2354083155392,
    "3,1": 20.544942718467638,
    "3,2": 19.947021283146583,
    "3,3": 14.813744089036376,
    "3,4": 27.487309947553282,
    "4,0": 18.936421494817264,
    "4,1": 18.11509018209477,
    "4,2": 15.023674169885076,
    "4,3": 12.227931530723515,
    "4,4": 28.510087112312938,
    "5,0": 8.426948277915908,
    "5,1": 19.338868683445586,
    "5,2": 17.306354445152174,
    "5,3": 6.575116313653433,
    "5,4": 16.4981494132886,
    "6,0": 5.361328239181003,
    "6,1": 18.792281066907993,
    "6,2": 15.847316935225425,
    "6,3": 6.073190775466288,
    "6,4": 11.104258020962051,
    "7,0": 23.286765263305632,
    "7,1": 24.79927954864211,
    "7,2": 19.87875258552677,
    "7,3": 15.614233772358075,
    "7,4": 30.686144316823327,
    "8,0": 7.450950307964552,
    "8,1": 24.783382920517944,
    "8,2": 23.606815799484576,
    "8,3": 12.149947665182902,
    "8,4": 17.162058193093355,
    "9,0": 11.313501379989976,
    "9,1": 14.17224958958016,
    "9,2": 9.258658838069348,
    "9,3": 1.3721723607616076,
    "9,4": 16.75096388190837
  }
}