{
  "config": {
    "n_customers": 10,
    "n_facilities": 5,
    "p_min": 20.0,
    "p_max": 80.0,
    "gamma": 0.3,
    "base_demand_min": 50,
    "base_demand_max": 150,
    "f_min": 500.0,
    "f_max": 1000.0,
    "c_min": 10.0,
    "c_max": 50.0,
    "tau_max": 0.05,
    "base_capacity_factor": 1.2,
    "cap_fluctuation": 0.1,
    "seed": 1191196491
  },
  "I": [
    0,
    1,
    2,
    3,
    4,
    5,
    6,
    7,
    8,
    9
  ],
  "J": [
    0,
    1,
    2,
    3,
    4
  ],
  "f": {
    "0": 816.8011043923682,
    "1": 622.2001526755897,
    "2": 719.7923946636854,
    "3": 544.4368653964216,
    "4": 629.5491427340294
  },
  "a": {
    "0": 0.7349999999999999,
    "1": 0.8166666666666667,
    "2": 1.3183333333333331,
    "3": 0.9916666666666666,
    "4": 0.6883333333333332,
    "5": 0.6183333333333333,
    "6": 1.2716666666666667,
    "7": 0.8166666666666667,
    "8": 1.1199999999999999,
    "9": 1.4233333333333331
  },
  "b": {
    "0": 77.7,
    "1": 86.33333333333333,
    "2": 139.36666666666667,
    "3": 104.83333333333333,
    "4": 72.76666666666667,
    "5": 65.36666666666666,
    "6": 134.43333333333334,
    "7": 86.33333333333333,
    "8": 118.4,
    "9": 150.46666666666667
  },
  "base_demand": {
    "0": 63.0,
    "1": 70.0,
    "2": 113.0,
    "3": 85.0,
    "4": 59.0,
    "5": 53.0,
    "6": 109.0,
    "7": 70.0,
    "8": 96.0,
    "9": 122.0
  },
  "tau_max": 0.05,
  "base_capacity_factor": 1.2,
  "cap_fluctuation": 0.1,
  "base_capacity": {
    "0": 219.0,
    "1": 203.0,
    "2": 217.0,
    "3": 208.0,
    "4": 209.0
  },
  "customer_coords": {
    "0": [
      4.666202334727954,
      72.77548947289606
    ],
    "1": [
      42.63104746516995,
      46.17759285182048
    ],
    "2": [
      90.06998896189722,
      90.77515035694364
    ],
    "3": [
      55.74326977442207,
      40.844187889247884
    ],
    "4": [
      16.461232318953513,
      26.297025187531265
    ],
    "5": [
      23.409640924530695,
      23.23385090964143
    ],
    "6": [
      46.83992535935345,
      30.706020488453987
    ],
    "7": [
      76.45126986589618,
      81.6031208467795
    ],
    "8": [
      27.70789407205817,
      63.32445234548898
    ],
    "9": [
      59.83822680020741,
      29.50101429552453
    ]
  },
  "facility_coords": {
    "0": [
      37.55304929758994,
      99.86135394466784
    ],
    "1": [
      12.570775376494314,
      79.98993601375861
    ],
    "2": [
      39.646171173120734,
      21.003677603050075
    ],
    "3": [
      92.30304966160968,
      65.82518692187843
    ],
    "4": [
      93.03193909832387,
      44.792657487744414
    ]
  },
  "c": {
    "0,0": 12.699965408778654,
    "0,1": 3.3692111244971312,
    "0,2": 18.394487298871955,
    "0,3": 27.08610947102836,
    "0,4": 28.28465207174116,
    "1,0": 14.74763388857889,
    "1,1": 14.88507619157523,
    "1,2": 8.229322496097693,
    "1,3": 15.630883285374129,
    "1,4": 16.124711672640935,
    "2,0": 17.381045909667808,
    "2,1": 21.53200461625399,
    "2,2": 27.952285177838984,
    "2,3": 7.2565179778917575,
    "2,4": 13.116961632369723,
    "3,0": 17.581549253703738,
    "3,1": 15.895766256021737,
    "3,2": 7.59154235228562,
    "3,3": 14.313360865811951,
    "3,4": 11.145484291134958,
    "4,0": 24.814029913102605,
    "4,1": 14.748494554307625,
    "4,2": 7.179154766833934,
    "4,3": 28.196268682250153,
    "4,4": 23.84178821859347,
    "5,0": 21.31272888128271,
    "5,1": 18.517524953290764,
    "5,2": 4.870780022864225,
    "5,3": 22.958424428883077,
    "5,4": 20.799221680125598,
    "6,0": 19.97883857705487,
    "6,1": 19.01832156882736,
    "6,2": 3.603236100826793,
    "6,3": 17.734435383113706,
    "6,4": 14.021611027069637,
    "7,0": 13.892716193798597,
    "7,1": 18.778144621075416,
    "7,2": 19.61648975382655,
    "7,3": 6.423244485147844,
    "7,4": 11.835919449447758,
    "8,0": 11.068473802676042,
    "8,1": 6.127494265380455,
    "8,2": 13.28354323015319,
    "8,3": 17.780350314716884,
    "8,4": 22.13161009950259,
    "9,0": 20.13026757546324,
    "9,1": 22.30585102075331,
    "9,2": 7.213206806605626,
    "9,3": 15.937540434268893,
    "9,4": 10.043756790067402
  }
}