{
  "config": {
    "n_customers": 10,
    "n_facilities": 5,
    "p_min": 20.0,
    "p_max": 80.0,
    "gamma": 0.3,
    "base_demand_min": 50,
    "base_demand_max": 150,
    "f_min": 500.0,
    "f_max": 1000.0,
    "c_min": 10.0,
    "c_max": 50.0,
    "tau_max": 0.05,
    "base_capacity_factor": 1.2,
    "cap_fluctuation": 0.1,
    "seed": 3636012965
  },
  "I": [
    0,
    1,
    2,
    3,
    4,
    5,
    6,
    7,
    8,
    9
  ],
  "J": [
    0,
    1,
    2,
    3,
    4
  ],
  "f": {
    "0": 640.2940565611117,
    "1": 943.4146429610425,
    "2": 883.4926899772557,
    "3": 977.7515872217449,
    "4": 792.3403676808723
  },
  "a": {
    "0": 1.505,
    "1": 1.4349999999999998,
    "2": 1.1083333333333334,
    "3": 1.7266666666666666,
    "4": 0.9099999999999999,
    "5": 1.3183333333333331,
    "6": 1.2716666666666667,
    "7": 1.0966666666666667,
    "8": 1.6099999999999999,
    "9": 1.6216666666666666
  },
  "b": {
    "0": 159.1,
    "1": 151.7,
    "2": 117.16666666666667,
    "3": 182.53333333333333,
    "4": 96.2,
    "5": 139.36666666666667,
    "6": 134.43333333333334,
    "7": 115.93333333333334,
    "8": 170.2,
    "9": 171.43333333333334
  },
  "base_demand": {
    "0": 129.0,
    "1": 123.0,
    "2": 95.0,
    "3": 148.0,
    "4": 78.0,
    "5": 113.0,
    "6": 109.0,
    "7": 94.0,
    "8": 138.0,
    "9": 139.0
  },
  "tau_max": 0.05,
  "base_capacity_factor": 1.2,
  "cap_fluctuation": 0.1,
  "base_capacity": {
    "0": 268.0,
    "1": 261.0,
    "2": 281.0,
    "3": 267.0,
    "4": 287.0
  },
  "customer_coords": {
    "0": [
      28.83788394797803,
      43.692615207744524
    ],
    "1": [
      87.30995323976148,
      6.274324084576676
    ],
    "2": [
      54.7944715811523,
      83.70532414915472
    ],
    "3": [
      61.32247209967564,
      9.060282332042869
    ],
    "4": [
      19.337492111022048,
      4.38649852432561
    ],
    "5": [
      54.80658341772067,
      94.13351574775757
    ],
    "6": [
      80.39992403889764,
      31.789836341781985
    ],
    "7": [
      94.1292828658499,
      60.7656458403217
    ],
    "8": [
      71.69810339242423,
      25.24346566186413
    ],
    "9": [
      39.31439392543113,
      76.58557219277805
    ]
  },
  "facility_coords": {
    "0": [
      79.4972741097495,
      0.5387166123478448
    ],
    "1": [
      39.87047259121569,
      82.31554335650438
    ],
    "2": [
      92.2984015808194,
      42.076025239886704
    ],
    "3": [
      56.29991038417117,
      40.928808359793244
    ],
    "4": [
      33.782735652179355,
      10.859260142416849
    ]
  },
  "c": {
    "0,0": 21.029150619423525,
    "0,1": 12.092471077299818,
    "0,2": 18.33533600874709,
    "0,3": 8.249483230962753,
    "0,4": 9.522952290808899,
    "1,0": 3.091743963075635,
    "1,1": 27.21928449485795,
    "1,2": 10.460751081206528,
    "1,3": 13.138187900877192,
    "1,4": 17.4833135084477,
    "2,0": 25.750714384123953,
    "2,1": 4.350727904597192,
    "2,2": 17.357612422450746,
    "2,3": 13.153526015997823,
    "2,4": 22.26863797631429,
    "3,0": 5.988709561175968,
    "3,1": 21.34987425863249,
    "3,2": 14.666658172348374,
    "3,3": 9.858995247653779,
    "3,4": 7.881108317554596,
    "4,0": 16.475121942641184,
    "4,1": 25.11840551662521,
    "4,2": 22.978514066933965,
    "4,3": 14.88534309084345,
    "4,4": 4.545731805649322,
    "5,0": 29.62471221049339,
    "5,1": 5.361238139458605,
    "5,2": 20.329174362482185,
    "5,3": 16.551700748898455,
    "5,4": 26.70375812127311,
    "6,0": 8.614823235509839,
    "6,1": 18.426460306165794,
    "6,2": 4.467880906998198,
    "6,3": 7.748601768632832,
    "6,4": 16.387954598564843,
    "7,0": 19.458107274039335,
    "7,1": 16.9365558557207,
    "7,2": 5.8267501115529585,
    "7,3": 13.362901696485334,
    "7,4": 24.371477856008088,
    "8,0": 7.269233090724455,
    "8,1": 20.656341384277383,
    "8,2": 7.413795977287987,
    "8,3": 6.64567929630585,
    "8,4": 12.51667621652269,
    "9,0": 28.16217120380158,
    "9,1": 1.7626918297454481,
    "9,2": 19.672302920428844,
    "9,3": 11.439937323744997,
    "9,4": 20.788010565584568
  }
}