{
  "config": {
    "n_customers": 10,
    "n_facilities": 5,
    "p_min": 20.0,
    "p_max": 80.0,
    "gamma": 0.3,
    "base_demand_min": 50,
    "base_demand_max": 150,
    "f_min": 500.0,
    "f_max": 1000.0,
    "c_min": 10.0,
    "c_max": 50.0,
    "tau_max": 0.8,
    "base_capacity_factor": 1.2,
    "cap_fluctuation": 0.1,
    "seed": 1322117303
  },
  "I": [
    0,
    1,
    2,
    3,
    4,
    5,
    6,
    7,
    8,
    9
  ],
  "J": [
    0,
    1,
    2,
    3,
    4
  ],
  "f": {
    "0": 832.3340134119396,
    "1": 717.6669632028005,
    "2": 532.1994852663306,
    "3": 868.6180450210001,
    "4": 891.7565307641673
  },
  "a": {
    "0": 0.8516666666666666,
    "1": 1.3649999999999998,
    "2": 0.9916666666666666,
    "3": 1.155,
    "4": 0.9333333333333333,
    "5": 0.875,
    "6": 1.2133333333333334,
    "7": 0.7583333333333333,
    "8": 0.875,
    "9": 0.84
  },
  "b": {
    "0": 90.03333333333333,
    "1": 144.3,
    "2": 104.83333333333333,
    "3": 122.1,
    "4": 98.66666666666667,
    "5": 92.5,
    "6": 128.26666666666665,
    "7": 80.16666666666667,
    "8": 92.5,
    "9": 88.8
  },
  "base_demand": {
    "0": 73.0,
    "1": 117.0,
    "2": 85.0,
    "3": 99.0,
    "4": 80.0,
    "5": 75.0,
    "6": 104.0,
    "7": 65.0,
    "8": 75.0,
    "9": 72.0
  },
  "tau_max": 0.8,
  "base_capacity_factor": 1.2,
  "cap_fluctuation": 0.1,
  "base_capacity": {
    "0": 216.0,
    "1": 183.0,
    "2": 214.0,
    "3": 191.0,
    "4": 198.0
  },
  "customer_coords": {
    "0": [
      2.006567152292116,
      22.490539489129468
    ],
    "1": [
      56.27352357513467,
      4.091107125463056
    ],
    "2": [
      19.761983513322,
      22.572253646041418
    ],
    "3": [
      91.45641628311148,
      59.66253543164194
    ],
    "4": [
      51.53500777657543,
      74.40875414093615
    ],
    "5": [
      64.68614395741254,
      77.07193896892538
    ],
    "6": [
      40.66442749532373,
      97.01375184431545
    ],
    "7": [
      31.195905279531978,
      92.1742714081777
    ],
    "8": [
      74.48869815538248,
      96.88678959234936
    ],
    "9": [
      79.9409864352421,
      51.007145253403465
    ]
  },
  "facility_coords": {
    "0": [
      91.13451855229566,
      98.79772236857666
    ],
    "1": [
      60.091468006601325,
      10.81440032227895
    ],
    "2": [
      32.423660287168445,
      81.07215621205167
    ],
    "3": [
      47.134674906563646,
      33.68942274733393
    ],
    "4": [
      64.44455950402764,
      59.356991406174
    ]
  },
  "c": {
    "0,0": 33.36740511573077,
    "0,1": 16.500856446296616,
    "0,2": 20.57391825789022,
    "0,3": 15.08159539491231,
    "0,4": 19.889734609301588,
    "1,0": 32.92367717346964,
    "1,1": 2.2103998665621236,
    "1,2": 25.964910631517608,
    "1,3": 8.954635989571706,
    "1,4": 18.335415105288767,
    "2,0": 34.364540907257926,
    "2,1": 13.320740526716298,
    "2,2": 17.812657402603122,
    "2,3": 9.394576798396834,
    "2,4": 16.06368576987564,
    "3,0": 12.568705998469843,
    "3,1": 17.4724961339205,
    "3,2": 17.34266244925166,
    "3,3": 15.483424562690995,
    "3,4": 8.20350951391589,
    "4,0": 12.979221845029283,
    "4,1": 19.81514311426379,
    "4,2": 6.473761009777394,
    "4,3": 11.43099060469159,
    "4,4": 5.644998404366699,
    "5,0": 10.270794463136031,
    "5,1": 19.18220086269196,
    "5,2": 10.372319059794792,
    "5,3": 13.895722746721425,
    "5,4": 5.26407392132856,
    "6,0": 15.117710457248936,
    "6,1": 27.319607860027062,
    "6,2": 5.65552559738593,
    "6,3": 20.176799479724494,
    "6,4": 14.417465964218449,
    "7,0": 17.337907832760973,
    "7,1": 26.121951351983487,
    "7,2": 3.255841387516256,
    "7,3": 18.214026456766636,
    "7,4": 12.64104353245048,
    "8,0": 4.87934035882223,
    "8,1": 26.5016244284983,
    "8,2": 13.326614557983612,
    "8,3": 21.036291523255727,
    "8,4": 11.635277374601008,
    "9,0": 15.708868885024259,
    "9,1": 13.386516322455234,
    "9,2": 17.90330999535516,
    "9,3": 11.103188154114944,
    "9,4": 4.848935809965979
  }
}