{
  "config": {
    "n_customers": 10,
    "n_facilities": 5,
    "p_min": 20.0,
    "p_max": 80.0,
    "gamma": 0.3,
    "base_demand_min": 50,
    "base_demand_max": 150,
    "f_min": 500.0,
    "f_max": 1000.0,
    "c_min": 10.0,
    "c_max": 50.0,
    "tau_max": 0.8,
    "base_capacity_factor": 1.2,
    "cap_fluctuation": 0.4,
    "seed": 345313847
  },
  "I": [
    0,
    1,
    2,
    3,
    4,
    5,
    6,
    7,
    8,
    9
  ],
  "J": [
    0,
    1,
    2,
    3,
    4
  ],
  "f": {
    "0": 538.9983353881768,
    "1": 691.9714363661924,
    "2": 727.0179346951975,
    "3": 709.4382448957379,
    "4": 700.4672190265487
  },
  "a": {
    "0": 1.6566666666666665,
    "1": 1.4233333333333331,
    "2": 0.875,
    "3": 1.3649999999999998,
    "4": 1.6683333333333332,
    "5": 1.6449999999999998,
    "6": 0.7933333333333332,
    "7": 0.595,
    "8": 0.7699999999999999,
    "9": 1.6333333333333333
  },
  "b": {
    "0": 175.13333333333333,
    "1": 150.46666666666667,
    "2": 92.5,
    "3": 144.3,
    "4": 176.36666666666667,
    "5": 173.9,
    "6": 83.86666666666666,
    "7": 62.9,
    "8": 81.4,
    "9": 172.66666666666666
  },
  "base_demand": {
    "0": 142.0,
    "1": 122.0,
    "2": 75.0,
    "3": 117.0,
    "4": 143.0,
    "5": 141.0,
    "6": 68.0,
    "7": 51.0,
    "8": 66.0,
    "9": 140.0
  },
  "tau_max": 0.8,
  "base_capacity_factor": 1.2,
  "cap_fluctuation": 0.4,
  "base_capacity": {
    "0": 186.0,
    "1": 229.0,
    "2": 349.0,
    "3": 258.0,
    "4": 280.0
  },
  "customer_coords": {
    "0": [
      66.89999734074426,
      48.93038486915555
    ],
    "1": [
      72.10729945807898,
      4.4268781689455245
    ],
    "2": [
      46.26323856803798,
      95.81124185566823
    ],
    "3": [
      13.495498467323285,
      44.38473218187605
    ],
    "4": [
      49.89157926415727,
      53.5612774406236
    ],
    "5": [
      72.02745557512675,
      94.28183269642956
    ],
    "6": [
      66.71491449459074,
      70.40736859954694
    ],
    "7": [
      95.52978052983451,
      55.95821637963084
    ],
    "8": [
      36.53387002406874,
      30.524336005315167
    ],
    "9": [
      2.5990336007467807,
      89.42226391070776
    ]
  },
  "facility_coords": {
    "0": [
      17.07138252972471,
      68.9592653192915
    ],
    "1": [
      11.838262344552087,
      85.67914690519495
    ],
    "2": [
      13.69477742975318,
      93.37022776611674
    ],
    "3": [
      86.05206234290854,
      32.91654720984643
    ],
    "4": [
      27.161440008047542,
      14.04300364822717
    ]
  },
  "c": {
    "0,0": 14.59963310878397,
    "0,1": 18.579328813080362,
    "0,2": 22.303521971726468,
    "0,3": 6.9326679132997935,
    "0,4": 17.227111312841235,
    "1,0": 27.771424641606426,
    "1,1": 31.830610188035045,
    "1,2": 34.11792959711645,
    "1,3": 10.440720668449607,
    "1,4": 14.175291009268294,
    "2,0": 10.846450171999631,
    "2,1": 10.688241763126124,
    "2,2": 10.050242372017482,
    "2,3": 22.220001132466514,
    "2,4": 24.588878266373044,
    "3,0": 7.070073540690548,
    "3,1": 12.366853103006868,
    "3,2": 14.964421074195812,
    "3,3": 23.15554572471987,
    "3,4": 10.429006570851755,
    "4,0": 11.215500883834718,
    "4,1": 13.644483545846958,
    "4,2": 16.88449869173952,
    "4,3": 11.52682358461545,
    "4,4": 14.52417034526063,
    "5,0": 18.455959086533323,
    "5,1": 17.714994756686504,
    "5,2": 18.50077773218361,
    "5,3": 17.59247171888131,
    "5,4": 29.851385011940305,
    "6,0": 16.25285520961821,
    "6,1": 17.01752733180533,
    "6,2": 16.96447158942148,
    "6,3": 12.24566404404075,
    "6,4": 21.86692786642356,
    "7,0": 24.71579368641486,
    "7,1": 25.586264437918633,
    "7,2": 27.284426514829995,
    "7,3": 7.0238353598734795,
    "7,4": 26.3855336888883,
    "8,0": 12.94295491659157,
    "8,1": 19.224816906725675,
    "8,2": 20.725475548400343,
    "8,3": 15.895292289791008,
    "8,4": 5.642666789307553,
    "9,0": 7.192550089915702,
    "9,1": 2.9701931238399473,
    "9,2": 3.2851204255995414,
    "9,3": 30.981743826363815,
    "9,4": 21.8574486694005
  }
}