{
  "config": {
    "n_customers": 10,
    "n_facilities": 5,
    "p_min": 20.0,
    "p_max": 80.0,
    "gamma": 0.3,
    "base_demand_min": 50,
    "base_demand_max": 150,
    "f_min": 500.0,
    "f_max": 1000.0,
    "c_min": 10.0,
    "c_max": 50.0,
    "tau_max": 0.8,
    "base_capacity_factor": 1.2,
    "cap_fluctuation": 0.1,
    "seed": 752767290
  },
  "I": [
    0,
    1,
    2,
    3,
    4,
    5,
    6,
    7,
    8,
    9
  ],
  "J": [
    0,
    1,
    2,
    3,
    4
  ],
  "f": {
    "0": 582.1808131581419,
    "1": 836.4073984826406,
    "2": 761.6350565102963,
    "3": 996.6210249894151,
    "4": 950.842258398236
  },
  "a": {
    "0": 1.505,
    "1": 0.7349999999999999,
    "2": 1.7033333333333331,
    "3": 1.1199999999999999,
    "4": 1.155,
    "5": 1.0733333333333333,
    "6": 1.2716666666666667,
    "7": 0.8866666666666666,
    "8": 1.7383333333333333,
    "9": 0.6066666666666667
  },
  "b": {
    "0": 159.1,
    "1": 77.7,
    "2": 180.06666666666666,
    "3": 118.4,
    "4": 122.1,
    "5": 113.46666666666667,
    "6": 134.43333333333334,
    "7": 93.73333333333333,
    "8": 183.76666666666665,
    "9": 64.13333333333333
  },
  "base_demand": {
    "0": 129.0,
    "1": 63.0,
    "2": 146.0,
    "3": 96.0,
    "4": 99.0,
    "5": 92.0,
    "6": 109.0,
    "7": 76.0,
    "8": 149.0,
    "9": 52.0
  },
  "tau_max": 0.8,
  "base_capacity_factor": 1.2,
  "cap_fluctuation": 0.1,
  "base_capacity": {
    "0": 265.0,
    "1": 252.0,
    "2": 247.0,
    "3": 237.0,
    "4": 228.0
  },
  "customer_coords": {
    "0": [
      81.4776108767829,
      85.46981174223956
    ],
    "1": [
      50.44243177128243,
      43.26847102197109
    ],
    "2": [
      86.3390532964893,
      32.692711222994845
    ],
    "3": [
      48.65169809354371,
      17.631707858265276
    ],
    "4": [
      1.1689234662281889,
      2.950602423417592
    ],
    "5": [
      15.795223963519023,
      73.7420796195692
    ],
    "6": [
      88.17577221014812,
      14.061286330424883
    ],
    "7": [
      30.145309068820126,
      22.27397133360045
    ],
    "8": [
      91.06967051652106,
      26.698056098458743
    ],
    "9": [
      24.6169274580339,
      55.894573654408454
    ]
  },
  "facility_coords": {
    "0": [
      79.12267353518632,
      98.1893727482822
    ],
    "1": [
      73.66697495942884,
      55.39675347071986
    ],
    "2": [
      22.08296477962669,
      52.48689530610421
    ],
    "3": [
      17.541065590834382,
      58.196833293429485
    ],
    "4": [
      28.958454380541067,
      93.4494739373778
    ]
  },
  "c": {
    "0,0": 4.144622303024282,
    "0,1": 8.689252729228212,
    "0,2": 18.781020848133938,
    "0,3": 19.394851527782613,
    "0,4": 15.242724671493935,
    "1,0": 17.936891859444852,
    "1,1": 8.25105098199976,
    "1,2": 8.461100180924111,
    "1,3": 11.293465861886665,
    "1,4": 17.06618486554656,
    "2,0": 18.166713095313543,
    "2,1": 7.842460516856474,
    "2,2": 20.77334412030193,
    "2,3": 21.74575229458863,
    "2,4": 24.830478884710804,
    "3,0": 27.834415519357947,
    "3,1": 13.562645740367316,
    "3,2": 12.073358602118569,
    "3,3": 15.062494619800818,
    "3,4": 22.05117852015331,
    "4,0": 39.266156300621645,
    "4,1": 24.44593308710517,
    "4,2": 15.927055904928581,
    "4,3": 18.286977171933334,
    "4,4": 30.20385136744118,
    "5,0": 20.157105507452542,
    "5,1": 18.318991318285274,
    "5,2": 6.460445085841575,
    "5,3": 4.504828365708615,
    "5,4": 7.174364691568986,
    "6,0": 23.35480137089885,
    "6,1": 12.10887573770829,
    "6,2": 21.952093849288048,
    "6,3": 24.47101994318737,
    "6,4": 29.594780030998383,
    "7,0": 29.43786617518218,
    "7,1": 14.831197355016961,
    "7,2": 9.281123201920373,
    "7,3": 12.258141378954353,
    "7,4": 21.728486374989565,
    "8,0": 22.234468878209075,
    "8,1": 10.615436334172921,
    "8,2": 22.425428235868278,
    "8,3": 23.478962646556145,
    "8,4": 29.017144856135403,
    "9,0": 21.111260538498207,
    "9,1": 13.673276657274329,
    "9,2": 1.3923437865069979,
    "9,3": 2.1059900829759917,
    "9,4": 12.1977089752683
  }
}