{
  "config": {
    "n_customers": 10,
    "n_facilities": 10,
    "p_min": 20.0,
    "p_max": 80.0,
    "gamma": 0.3,
    "base_demand_min": 50,
    "base_demand_max": 150,
    "f_min": 500.0,
    "f_max": 1000.0,
    "c_min": 10.0,
    "c_max": 50.0,
    "tau_max": 0.4,
    "base_capacity_factor": 1.2,
    "cap_fluctuation": 0.2,
    "seed": 35580839
  },
  "I": [
    0,
    1,
    2,
    3,
    4,
    5,
    6,
    7,
    8,
    9
  ],
  "J": [
    0,
    1,
    2,
    3,
    4,
    5,
    6,
    7,
    8,
    9
  ],
  "f": {
    "0": 765.3506059520209,
    "1": 966.7649838418907,
    "2": 542.8457502364643,
    "3": 960.5614037877425,
    "4": 993.7496498897809,
    "5": 840.8766110290946,
    "6": 831.5150033185927,
    "7": 837.8205552950456,
    "8": 977.2414144762524,
    "9": 990.1654880309821
  },
  "a": {
    "0": 0.6649999999999999,
    "1": 1.5516666666666665,
    "2": 1.4349999999999998,
    "3": 0.9566666666666667,
    "4": 0.84,
    "5": 1.1666666666666667,
    "6": 1.5516666666666665,
    "7": 1.5399999999999998,
    "8": 1.7149999999999999,
    "9": 0.98
  },
  "b": {
    "0": 70.3,
    "1": 164.03333333333333,
    "2": 151.7,
    "3": 101.13333333333333,
    "4": 88.8,
    "5": 123.33333333333334,
    "6": 164.03333333333333,
    "7": 162.8,
    "8": 181.3,
    "9": 103.6
  },
  "base_demand": {
    "0": 57.0,
    "1": 133.0,
    "2": 123.0,
    "3": 82.0,
    "4": 72.0,
    "5": 100.0,
    "6": 133.0,
    "7": 132.0,
    "8": 147.0,
    "9": 84.0
  },
  "tau_max": 0.4,
  "base_capacity_factor": 1.2,
  "cap_fluctuation": 0.2,
  "base_capacity": {
    "0": 103.0,
    "1": 119.0,
    "2": 153.0,
    "3": 142.0,
    "4": 107.0,
    "5": 137.0,
    "6": 147.0,
    "7": 138.0,
    "8": 118.0,
    "9": 151.0
  },
  "customer_coords": {
    "0": [
      76.2720238352458,
      98.94968950533128
    ],
    "1": [
      9.19344191324807,
      18.502729701149477
    ],
    "2": [
      30.45999493974778,
      1.118856150534997
    ],
    "3": [
      99.06568832214705,
      21.451664186489527
    ],
    "4": [
      87.74544853204509,
      90.55811546035044
    ],
    "5": [
      67.91338253208319,
      26.958853019007478
    ],
    "6": [
      71.37523412985581,
      71.50489476386379
    ],
    "7": [
      17.628476507820444,
      51.51438110079118
    ],
    "8": [
      56.452210924855365,
      70.58024330635635
    ],
    "9": [
      52.93572852681652,
      55.82156738964416
    ]
  },
  "facility_coords": {
    "0": [
      64.3545957021037,
      83.64617113518355
    ],
    "1": [
      61.66441654679794,
      55.42233661134976
    ],
    "2": [
      76.49377798322755,
      35.88259161274403
    ],
    "3": [
      94.45697673546663,
      55.70287458506738
    ],
    "4": [
      93.81660569537176,
      7.506109500236491
    ],
    "5": [
      84.03457139257708,
      3.602265022562845
    ],
    "6": [
      12.887410636050356,
      40.49439102886897
    ],
    "7": [
      18.132784077721787,
      47.115863027498705
    ],
    "8": [
      49.01142094503987,
      55.064081874103124
    ],
    "9": [
      1.5877119771025128,
      43.77094018536308
    ]
  },
  "c": {
    "0,0": 5.596353148440107,
    "0,1": 14.413407224658236,
    "0,2": 19.292606922533285,
    "0,3": 13.090117433301423,
    "0,4": 27.119791771866613,
    "0,5": 28.93490965440911,
    "0,6": 28.164221910068246,
    "0,7": 24.55029485616421,
    "0,8": 15.239750282980927,
    "0,9": 28.78840896904972,
    "1,0": 25.7805115664862,
    "1,1": 17.53138821421984,
    "1,2": 22.4449547314544,
    "1,3": 26.871298432406903,
    "1,4": 27.69669398715286,
    "1,5": 22.774017834673312,
    "1,6": 6.87968469662382,
    "1,7": 9.42369707277059,
    "1,8": 15.170138631837533,
    "1,9": 7.691714030663917,
    "2,0": 24.376043090894996,
    "2,1": 19.769017474432392,
    "2,2": 18.943059018730473,
    "2,3": 26.946663710569897,
    "2,4": 19.51551182740754,
    "2,5": 17.029030061984017,
    "2,6": 13.383122727025818,
    "2,7": 13.5033327480246,
    "2,8": 18.796600079655843,
    "2,9": 15.921109144618008,
    "3,0": 20.529162125100182,
    "3,1": 15.963232282648406,
    "3,2": 8.430675480589816,
    "3,3": 10.22790559213811,
    "3,4": 4.327736368171394,
    "3,5": 7.194427077198348,
    "3,6": 25.014971688654803,
    "3,7": 27.05443916996154,
    "3,8": 19.83292127737588,
    "3,9": 28.399957551843226,
    "4,0": 7.029819850804123,
    "4,1": 13.86495323839267,
    "4,2": 16.819810198534583,
    "4,3": 10.007005445973686,
    "4,4": 24.352618554702357,
    "4,5": 26.704392029197784,
    "4,6": 28.686582599937456,
    "4,7": 23.338016746233453,
    "4,8": 14.86100129034904,
    "4,9": 30.432487038823595,
    "5,0": 18.099732246527353,
    "5,1": 8.442565524114292,
    "5,2": 4.079484979212859,
    "5,3": 10.648844558381443,
    "5,4": 9.482170742419154,
    "5,5": 9.24656691139603,
    "5,6": 15.702661617041116,
    "5,7": 17.313587281460467,
    "5,8": 10.419462539989253,
    "5,9": 20.900003897424053,
    "6,0": 4.265852216879884,
    "6,1": 6.085900508021176,
    "6,2": 11.503849712122031,
    "6,3": 7.6220046973791415,
    "6,4": 18.577041260512335,
    "6,5": 22.400742793543508,
    "6,6": 20.24449872208357,
    "6,7": 16.084377108713905,
    "6,8": 8.579589498399148,
    "6,9": 23.243898163241777,
    "7,0": 15.805967287570352,
    "7,1": 12.089894814327605,
    "7,2": 17.069863395791877,
    "7,3": 24.94210911979045,
    "7,4": 23.80626819323255,
    "7,5": 23.21403908675296,
    "7,6": 3.6378962042259904,
    "7,7": 1.3214830536619717,
    "7,8": 9.759575574732338,
    "7,9": 4.8984547410083366,
    "8,0": 4.371717604133509,
    "8,1": 4.567279256870538,
    "8,2": 11.092058575716106,
    "8,3": 13.288714831875414,
    "8,4": 20.007945081856036,
    "8,5": 20.418727451477494,
    "8,6": 15.773956457711385,
    "8,7": 12.916687374006631,
    "8,8": 4.7851483125060605,
    "8,9": 17.174673473978235,
    "9,0": 9.853212588118378,
    "9,1": 2.495914014641224,
    "9,2": 8.818216498398593,
    "9,3": 11.21455104467568,
    "9,4": 19.72479868600239,
    "9,5": 19.226812069258774,
    "9,6": 12.933787084450893,
    "9,7": 9.843555599822759,
    "9,8": 1.2136466454626822,
    "9,9": 15.349371408563549
  }
}