{
  "config": {
    "n_customers": 10,
    "n_facilities": 5,
    "p_min": 20.0,
    "p_max": 80.0,
    "gamma": 0.3,
    "base_demand_min": 50,
    "base_demand_max": 150,
    "f_min": 500.0,
    "f_max": 1000.0,
    "c_min": 10.0,
    "c_max": 50.0,
    "tau_max": 0.4,
    "base_capacity_factor": 1.2,
    "cap_fluctuation": 0.2,
    "seed": 3285177208
  },
  "I": [
    0,
    1,
    2,
    3,
    4,
    5,
    6,
    7,
    8,
    9
  ],
  "J": [
    0,
    1,
    2,
    3,
    4
  ],
  "f": {
    "0": 832.5498916193416,
    "1": 719.3652502537781,
    "2": 919.978709542764,
    "3": 506.2570440686836,
    "4": 882.1148254658897
  },
  "a": {
    "0": 1.528333333333333,
    "1": 1.0733333333333333,
    "2": 0.98,
    "3": 1.19,
    "4": 0.8516666666666666,
    "5": 1.225,
    "6": 0.7933333333333332,
    "7": 0.945,
    "8": 1.75,
    "9": 1.6216666666666666
  },
  "b": {
    "0": 161.56666666666666,
    "1": 113.46666666666667,
    "2": 103.6,
    "3": 125.8,
    "4": 90.03333333333333,
    "5": 129.5,
    "6": 83.86666666666666,
    "7": 99.9,
    "8": 185.0,
    "9": 171.43333333333334
  },
  "base_demand": {
    "0": 131.0,
    "1": 92.0,
    "2": 84.0,
    "3": 102.0,
    "4": 73.0,
    "5": 105.0,
    "6": 68.0,
    "7": 81.0,
    "8": 150.0,
    "9": 139.0
  },
  "tau_max": 0.4,
  "base_capacity_factor": 1.2,
  "cap_fluctuation": 0.2,
  "base_capacity": {
    "0": 272.0,
    "1": 239.0,
    "2": 278.0,
    "3": 197.0,
    "4": 277.0
  },
  "customer_coords": {
    "0": [
      23.544811124594045,
      71.51804226513013
    ],
    "1": [
      11.840990484041669,
      46.34301797977185
    ],
    "2": [
      30.737075814444246,
      12.282059647409238
    ],
    "3": [
      31.328164536853333,
      15.621477574289367
    ],
    "4": [
      47.90675184927308,
      27.204597532543453
    ],
    "5": [
      81.18805328093666,
      8.964076059115378
    ],
    "6": [
      94.97927591248974,
      19.57319163737239
    ],
    "7": [
      68.642507130178,
      96.66018108960922
    ],
    "8": [
      55.324522526702246,
      14.448080102758453
    ],
    "9": [
      48.99266460803145,
      59.76744958998277
    ]
  },
  "facility_coords": {
    "0": [
      49.14850809602307,
      25.078446810434972
    ],
    "1": [
      87.56601171692489,
      22.563216602045166
    ],
    "2": [
      12.576191040924146,
      73.16774981774478
    ],
    "3": [
      34.01152313971878,
      41.33986200642118
    ],
    "4": [
      0.021414812689979357,
      41.378573357359095
    ]
  },
  "c": {
    "0,0": 14.57477072462971,
    "0,1": 21.806347220523932,
    "0,2": 3.078197122715213,
    "0,3": 9.537218065543732,
    "0,4": 12.073558068048666,
    "1,0": 12.918317749617295,
    "1,1": 25.97541122339514,
    "1,2": 8.019398596339153,
    "1,3": 6.196803081664443,
    "1,4": 3.6461479512300388,
    "2,0": 7.245697468209069,
    "2,1": 17.313785191532553,
    "2,2": 19.3648847330385,
    "2,3": 8.71010012343935,
    "2,4": 12.825424694839793,
    "3,0": 6.081001260933681,
    "3,1": 16.82875961248572,
    "3,2": 17.4754180028344,
    "3,3": 8.193729843502418,
    "3,4": 12.469926774836125,
    "4,0": 0.7142950992959733,
    "4,1": 11.19052861074785,
    "4,2": 18.165620847383533,
    "4,3": 5.449159712348052,
    "4,4": 15.218561584987178,
    "5,0": 9.965817949358913,
    "5,1": 4.525830479760352,
    "5,2": 29.190616175800248,
    "5,3": 16.518005241993567,
    "5,4": 26.95396715981492,
    "6,0": 12.46342685658577,
    "6,1": 2.3581993196614235,
    "6,2": 28.60960151820486,
    "6,3": 21.230978498594023,
    "6,4": 30.548028658400998,
    "7,0": 24.384855280814882,
    "7,1": 21.61919352691831,
    "7,2": 20.033233415447484,
    "7,3": 19.732295071052455,
    "7,4": 27.18183696348441,
    "8,0": 3.7946957244566497,
    "8,1": 9.758589927213592,
    "8,2": 20.998381933226696,
    "8,3": 10.052818063935026,
    "8,4": 18.398746058815153,
    "9,0": 9.793789010185229,
    "9,1": 16.44495930697271,
    "9,2": 10.971802257012051,
    "9,3": 7.571733087647683,
    "9,4": 16.05385300882577
  }
}