{
  "config": {
    "n_customers": 10,
    "n_facilities": 10,
    "p_min": 20.0,
    "p_max": 80.0,
    "gamma": 0.3,
    "base_demand_min": 50,
    "base_demand_max": 150,
    "f_min": 500.0,
    "f_max": 1000.0,
    "c_min": 10.0,
    "c_max": 50.0,
    "tau_max": 0.4,
    "base_capacity_factor": 1.2,
    "cap_fluctuation": 0.2,
    "seed": 345313847
  },
  "I": [
    0,
    1,
    2,
    3,
    4,
    5,
    6,
    7,
    8,
    9
  ],
  "J": [
    0,
    1,
    2,
    3,
    4,
    5,
    6,
    7,
    8,
    9
  ],
  "f": {
    "0": 538.9983353881768,
    "1": 691.9714363661924,
    "2": 727.0179346951975,
    "3": 709.4382448957379,
    "4": 700.4672190265487,
    "5": 834.4999867037213,
    "6": 744.6519243457777,
    "7": 860.5364972903949,
    "8": 522.1343908447276,
    "9": 731.3161928401898
  },
  "a": {
    "0": 0.9916666666666666,
    "1": 1.6216666666666666,
    "2": 1.4816666666666665,
    "3": 1.4816666666666665,
    "4": 1.75,
    "5": 1.5516666666666665,
    "6": 1.3299999999999998,
    "7": 0.7933333333333332,
    "8": 1.4349999999999998,
    "9": 1.3066666666666664
  },
  "b": {
    "0": 104.83333333333333,
    "1": 171.43333333333334,
    "2": 156.63333333333333,
    "3": 156.63333333333333,
    "4": 185.0,
    "5": 164.03333333333333,
    "6": 140.6,
    "7": 83.86666666666666,
    "8": 151.7,
    "9": 138.13333333333333
  },
  "base_demand": {
    "0": 85.0,
    "1": 139.0,
    "2": 127.0,
    "3": 127.0,
    "4": 150.0,
    "5": 133.0,
    "6": 114.0,
    "7": 68.0,
    "8": 123.0,
    "9": 112.0
  },
  "tau_max": 0.4,
  "base_capacity_factor": 1.2,
  "cap_fluctuation": 0.2,
  "base_capacity": {
    "0": 164.0,
    "1": 145.0,
    "2": 159.0,
    "3": 165.0,
    "4": 152.0,
    "5": 153.0,
    "6": 145.0,
    "7": 164.0,
    "8": 169.0,
    "9": 116.0
  },
  "customer_coords": {
    "0": [
      95.81124185566823,
      13.495498467323285
    ],
    "1": [
      44.38473218187605,
      49.89157926415727
    ],
    "2": [
      53.5612774406236,
      72.02745557512675
    ],
    "3": [
      94.28183269642956,
      66.71491449459074
    ],
    "4": [
      70.40736859954694,
      95.52978052983451
    ],
    "5": [
      55.95821637963084,
      36.53387002406874
    ],
    "6": [
      30.524336005315167,
      2.5990336007467807
    ],
    "7": [
      89.42226391070776,
      17.07138252972471
    ],
    "8": [
      68.9592653192915,
      11.838262344552087
    ],
    "9": [
      85.67914690519495,
      13.69477742975318
    ]
  },
  "facility_coords": {
    "0": [
      93.37022776611674,
      86.05206234290854
    ],
    "1": [
      32.91654720984643,
      27.161440008047542
    ],
    "2": [
      14.04300364822717,
      3.0952735942313736
    ],
    "3": [
      17.76679998733044,
      86.22133926540046
    ],
    "4": [
      12.828280464663088,
      92.96358303548293
    ],
    "5": [
      95.73319688739849,
      74.40267261107967
    ],
    "6": [
      84.38194180268825,
      98.59878530258446
    ],
    "7": [
      64.01060548850698,
      5.76960421217424
    ],
    "8": [
      46.41078222680291,
      62.87511424047049
    ],
    "9": [
      47.60110280833143,
      38.05016673858943
    ]
  },
  "c": {
    "0,0": 20.66860639357552,
    "0,1": 19.259708993862755,
    "0,2": 25.180148437701707,
    "0,3": 33.62721423738142,
    "0,4": 36.00841896018137,
    "0,5": 18.842836649346346,
    "0,6": 23.52844114203072,
    "0,7": 10.269645408746378,
    "0,8": 19.335986670266912,
    "0,9": 17.236698693202744,
    "1,0": 18.57092405113308,
    "1,1": 7.417859103432914,
    "1,2": 17.686470473634586,
    "1,3": 12.58697896987558,
    "1,4": 17.338187828977283,
    "1,5": 18.620202966750718,
    "1,6": 18.828891540236512,
    "1,7": 14.178376277587063,
    "1,8": 3.814628557120051,
    "1,9": 3.8966761023331946,
    "2,0": 13.117130037461184,
    "2,1": 14.228360454736444,
    "2,2": 24.093082060172993,
    "2,3": 10.855397340917003,
    "2,4": 15.068623106807005,
    "2,5": 12.689712867478681,
    "2,6": 12.945674507191562,
    "2,7": 20.79040949170178,
    "2,8": 3.7238772854507456,
    "2,9": 10.266414554558017,
    "3,0": 5.555385684453678,
    "3,1": 21.752965220425125,
    "3,2": 28.563361322384996,
    "3,3": 24.273736440862812,
    "3,4": 23.593882533397096,
    "3,5": 2.4476506995669207,
    "3,6": 10.348538155876259,
    "3,7": 22.060979050070802,
    "3,8": 13.003026276776113,
    "3,9": 17.732497945089886,
    "4,0": 7.266522342140549,
    "4,1": 23.467566537772388,
    "4,2": 30.65775447743447,
    "4,3": 16.697883244574175,
    "4,4": 18.472074080511813,
    "4,5": 10.078707580586606,
    "4,6": 3.9299550822205993,
    "4,7": 29.47700053318605,
    "4,8": 12.525019092923966,
    "4,9": 19.414843057258306,
    "5,0": 18.088837917731137,
    "5,1": 7.718512015682064,
    "5,2": 15.896763455525452,
    "5,3": 18.11384572492367,
    "5,4": 20.762141581874026,
    "5,5": 15.581961806489408,
    "5,6": 21.701225447729968,
    "5,7": 10.462165894378955,
    "5,8": 7.825004347339396,
    "5,9": 2.3522436533124353,
    "6,0": 32.3781377816918,
    "6,1": 6.855220258304429,
    "6,2": 5.115787912630105,
    "6,3": 25.026370814255273,
    "6,4": 28.707408779350434,
    "6,5": 29.363025011953457,
    "6,6": 32.05234205516415,
    "6,7": 10.378810643627267,
    "6,8": 17.017453273454016,
    "6,9": 11.954481896743207,
    "7,0": 21.6885595962995,
    "7,1": 17.581609773934126,
    "7,2": 21.371530939075253,
    "7,3": 31.375411409164624,
    "7,4": 34.680009873359566,
    "7,5": 15.874331863814959,
    "7,6": 24.230670068082492,
    "7,7": 7.835068716576684,
    "7,8": 20.50398887933764,
    "7,9": 15.22706096754648,
    "8,0": 21.43644335854634,
    "8,1": 12.639474672899611,
    "8,2": 16.05066778595256,
    "8,3": 26.220247212091934,
    "8,4": 32.46404001015646,
    "8,5": 19.44513264222207,
    "8,6": 27.958936311785536,
    "8,7": 2.458631540680261,
    "8,8": 16.062056310334917,
    "8,9": 9.959674672382596,
    "9,0": 21.004028468438406,
    "9,1": 15.440496940625925,
    "9,2": 23.024645485392515,
    "9,3": 30.26435864336278,
    "9,4": 30.477400436212246,
    "9,5": 17.9222742578058,
    "9,6": 24.18632815286376,
    "9,7": 6.752015178197053,
    "9,8": 18.512407649211074,
    "9,9": 12.300932997431538
  }
}