{
  "config": {
    "n_customers": 10,
    "n_facilities": 5,
    "p_min": 20.0,
    "p_max": 80.0,
    "gamma": 0.3,
    "base_demand_min": 50,
    "base_demand_max": 150,
    "f_min": 500.0,
    "f_max": 1000.0,
    "c_min": 10.0,
    "c_max": 50.0,
    "tau_max": 0.05,
    "base_capacity_factor": 1.2,
    "cap_fluctuation": 0.1,
    "seed": 2404827116
  },
  "I": [
    0,
    1,
    2,
    3,
    4,
    5,
    6,
    7,
    8,
    9
  ],
  "J": [
    0,
    1,
    2,
    3,
    4
  ],
  "f": {
    "0": 565.9539884831789,
    "1": 594.7929274953439,
    "2": 845.7782027767655,
    "3": 552.7990756293864,
    "4": 512.2019421150918
  },
  "a": {
    "0": 1.3883333333333332,
    "1": 1.4233333333333331,
    "2": 1.3299999999999998,
    "3": 1.3299999999999998,
    "4": 1.4349999999999998,
    "5": 1.505,
    "6": 1.4349999999999998,
    "7": 1.5983333333333332,
    "8": 1.2716666666666667,
    "9": 1.353333333333333
  },
  "b": {
    "0": 146.76666666666665,
    "1": 150.46666666666667,
    "2": 140.6,
    "3": 140.6,
    "4": 151.7,
    "5": 159.1,
    "6": 151.7,
    "7": 168.96666666666667,
    "8": 134.43333333333334,
    "9": 143.06666666666666
  },
  "base_demand": {
    "0": 119.0,
    "1": 122.0,
    "2": 114.0,
    "3": 114.0,
    "4": 123.0,
    "5": 129.0,
    "6": 123.0,
    "7": 137.0,
    "8": 109.0,
    "9": 116.0
  },
  "tau_max": 0.05,
  "base_capacity_factor": 1.2,
  "cap_fluctuation": 0.1,
  "base_capacity": {
    "0": 281.0,
    "1": 261.0,
    "2": 261.0,
    "3": 290.0,
    "4": 301.0
  },
  "customer_coords": {
    "0": [
      13.51086282233701,
      27.755916007644743
    ],
    "1": [
      67.01128673069597,
      7.761051469937808
    ],
    "2": [
      89.83823176323719,
      57.73398400859073
    ],
    "3": [
      27.912389010878613,
      40.63690178841933
    ],
    "4": [
      5.880007845709212,
      23.06049355890264
    ],
    "5": [
      50.704724729569016,
      14.777557360387272
    ],
    "6": [
      98.40204463701441,
      86.28541782983218
    ],
    "7": [
      68.4530101307793,
      1.481015653924489
    ],
    "8": [
      14.547391770368678,
      36.64604210472518
    ],
    "9": [
      14.865183040100039,
      79.98458491535915
    ]
  },
  "facility_coords": {
    "0": [
      35.56569863335596,
      94.36438814604962
    ],
    "1": [
      22.730682136655634,
      25.42856131682415
    ],
    "2": [
      13.84038508480293,
      48.506648198213355
    ],
    "3": [
      50.53708084791618,
      32.12700390953116
    ],
    "4": [
      21.395415444924293,
      74.46025601700188
    ]
  },
  "c": {
    "0,0": 20.977236180794268,
    "0,1": 3.0552947228862513,
    "0,2": 6.768755270410934,
    "0,3": 11.878838659242273,
    "0,4": 14.721836154825109,
    "1,0": 27.18734145059283,
    "1,1": 12.888292588885019,
    "1,2": 20.875080971842124,
    "1,3": 8.232976939097352,
    "1,4": 25.41794248864289,
    "2,0": 18.062205302612153,
    "2,1": 21.796884034404904,
    "2,2": 23.08166590011508,
    "2,3": 15.151790534627832,
    "2,4": 20.84207753795627,
    "3,0": 14.891603691772694,
    "3,1": 4.574766656832761,
    "3,2": 4.363880589691313,
    "3,3": 7.491290107680661,
    "3,4": 10.099815153278138,
    "4,0": 21.70786570066315,
    "4,1": 4.8567872884905245,
    "4,2": 8.247582839831633,
    "4,3": 13.60839487061143,
    "4,4": 16.42597532353535,
    "5,0": 26.69632367147533,
    "5,1": 9.630961235755588,
    "5,2": 15.357937885706377,
    "5,3": 4.887183626231252,
    "5,4": 21.43372466474312,
    "6,0": 17.34092936222781,
    "6,1": 27.60565467619494,
    "6,2": 26.161047414304335,
    "6,3": 22.508151798049248,
    "6,4": 22.101982077093574,
    "7,0": 31.178670760160838,
    "7,1": 14.515736252204736,
    "7,2": 22.16548378473457,
    "7,3": 10.052938891972234,
    "7,4": 28.012247942440485,
    "8,0": 18.398487776774683,
    "8,1": 4.187554654385945,
    "8,2": 3.4050211603031144,
    "8,3": 10.675487409189516,
    "8,4": 11.877921468143459,
    "9,0": 7.714679684441452,
    "9,1": 17.09602537798287,
    "9,2": 10.236942933041707,
    "9,3": 16.947747721284593,
    "9,4": 2.7575685735023407
  }
}