{
  "config": {
    "n_customers": 10,
    "n_facilities": 5,
    "p_min": 20.0,
    "p_max": 80.0,
    "gamma": 0.1,
    "base_demand_min": 50,
    "base_demand_max": 150,
    "f_min": 500.0,
    "f_max": 1000.0,
    "c_min": 10.0,
    "c_max": 50.0,
    "tau_max": 0.4,
    "base_capacity_factor": 1.2,
    "cap_fluctuation": 0.2,
    "seed": 3653403230
  },
  "I": [
    0,
    1,
    2,
    3,
    4,
    5,
    6,
    7,
    8,
    9
  ],
  "J": [
    0,
    1,
    2,
    3,
    4
  ],
  "f": {
    "0": 727.9662576653599,
    "1": 657.9698492698624,
    "2": 513.258531591266,
    "3": 911.5709627658783,
    "4": 785.6004642852938
  },
  "a": {
    "0": 2.1450000000000005,
    "1": 1.86,
    "2": 1.32,
    "3": 1.605,
    "4": 2.055,
    "5": 1.0050000000000001,
    "6": 1.32,
    "7": 2.1,
    "8": 2.085,
    "9": 1.365
  },
  "b": {
    "0": 185.9,
    "1": 161.2,
    "2": 114.4,
    "3": 139.1,
    "4": 178.1,
    "5": 87.1,
    "6": 114.4,
    "7": 182.0,
    "8": 180.7,
    "9": 118.3
  },
  "base_demand": {
    "0": 143.0,
    "1": 124.0,
    "2": 88.0,
    "3": 107.0,
    "4": 137.0,
    "5": 67.0,
    "6": 88.0,
    "7": 140.0,
    "8": 139.0,
    "9": 91.0
  },
  "tau_max": 0.4,
  "base_capacity_factor": 1.2,
  "cap_fluctuation": 0.2,
  "base_capacity": {
    "0": 294.0,
    "1": 309.0,
    "2": 295.0,
    "3": 217.0,
    "4": 246.0
  },
  "customer_coords": {
    "0": [
      67.33315740148804,
      54.24401692377649
    ],
    "1": [
      3.8826082505345028,
      48.32652246957786
    ],
    "2": [
      72.52434243891966,
      57.36478947542268
    ],
    "3": [
      89.48088231986547,
      83.76805655990857
    ],
    "4": [
      63.28190885767603,
      89.204328712676
    ],
    "5": [
      35.66559758466723,
      0.003049500031260255
    ],
    "6": [
      58.364433299820284,
      96.93144818523473
    ],
    "7": [
      57.768787932589426,
      45.65866127849642
    ],
    "8": [
      89.64708420301083,
      96.7771959261353
    ],
    "9": [
      1.1342803722783512,
      57.60485867641406
    ]
  },
  "facility_coords": {
    "0": [
      15.428899528606744,
      98.48523769467678
    ],
    "1": [
      9.653176511522965,
      32.22340170164459
    ],
    "2": [
      71.06956586563318,
      85.21896894024871
    ],
    "3": [
      72.47824261199573,
      46.74918515998836
    ],
    "4": [
      15.65086587048764,
      16.946937095171897
    ]
  },
  "c": {
    "0,0": 20.26964209021727,
    "0,1": 17.399458116548807,
    "0,2": 8.802785970423503,
    "0,3": 2.9647273371604954,
    "0,4": 19.89592835646576,
    "1,0": 15.072541104761967,
    "1,1": 4.745034597423483,
    "1,2": 21.244697878004143,
    "1,3": 20.601734294739224,
    "1,4": 9.51279603896546,
    "2,0": 21.042331100202187,
    "2,1": 18.822130208615604,
    "2,2": 7.575200370957971,
    "2,3": 3.1692716663068055,
    "2,4": 19.003283485147808,
    "3,0": 23.743089359305067,
    "3,1": 31.32664195871093,
    "3,2": 5.489843036392496,
    "3,3": 11.691858088950713,
    "3,4": 30.642432781997456,
    "4,0": 15.388227481710983,
    "4,1": 21.53904698050829,
    "4,2": 2.3894730960596133,
    "4,3": 14.21472904128438,
    "4,4": 24.81964916420277,
    "5,0": 27.39550239420227,
    "5,1": 13.058012004701915,
    "5,2": 29.7003319670797,
    "5,3": 16.723687967843304,
    "5,4": 7.5261547161790014,
    "6,0": 13.470750249725878,
    "6,1": 24.77529037757879,
    "6,2": 4.96518129369788,
    "6,3": 16.633415351771156,
    "6,4": 25.599546929019972,
    "7,0": 20.78397161777267,
    "7,1": 13.606512958184563,
    "7,2": 12.360192438347454,
    "7,3": 4.126711030312371,
    "7,4": 16.049313222735897,
    "8,0": 21.99254436830953,
    "8,1": 31.36882508204887,
    "8,2": 6.302240583454762,
    "8,3": 15.750940694477547,
    "8,4": 30.009138377976488,
    "9,0": 13.806678838583144,
    "9,1": 7.307963966272189,
    "9,2": 24.505713397964854,
    "9,3": 20.51777008714007,
    "9,4": 13.811330756737842
  }
}