{
  "config": {
    "n_customers": 10,
    "n_facilities": 5,
    "p_min": 20.0,
    "p_max": 80.0,
    "gamma": 0.3,
    "base_demand_min": 50,
    "base_demand_max": 150,
    "f_min": 500.0,
    "f_max": 1000.0,
    "c_min": 10.0,
    "c_max": 50.0,
    "tau_max": 0.8,
    "base_capacity_factor": 1.2,
    "cap_fluctuation": 0.1,
    "seed": 2163061374
  },
  "I": [
    0,
    1,
    2,
    3,
    4,
    5,
    6,
    7,
    8,
    9
  ],
  "J": [
    0,
    1,
    2,
    3,
    4
  ],
  "f": {
    "0": 516.4862951619778,
    "1": 759.7561392035495,
    "2": 688.0332483607215,
    "3": 927.487031807264,
    "4": 879.3694622313925
  },
  "a": {
    "0": 0.9216666666666666,
    "1": 1.4816666666666665,
    "2": 1.2366666666666666,
    "3": 1.6333333333333333,
    "4": 0.7,
    "5": 1.7149999999999999,
    "6": 1.505,
    "7": 1.7033333333333331,
    "8": 1.1199999999999999,
    "9": 0.7583333333333333
  },
  "b": {
    "0": 97.43333333333334,
    "1": 156.63333333333333,
    "2": 130.73333333333332,
    "3": 172.66666666666666,
    "4": 74.0,
    "5": 181.3,
    "6": 159.1,
    "7": 180.06666666666666,
    "8": 118.4,
    "9": 80.16666666666667
  },
  "base_demand": {
    "0": 79.0,
    "1": 127.0,
    "2": 106.0,
    "3": 140.0,
    "4": 60.0,
    "5": 147.0,
    "6": 129.0,
    "7": 146.0,
    "8": 96.0,
    "9": 65.0
  },
  "tau_max": 0.8,
  "base_capacity_factor": 1.2,
  "cap_fluctuation": 0.1,
  "base_capacity": {
    "0": 278.0,
    "1": 247.0,
    "2": 258.0,
    "3": 249.0,
    "4": 276.0
  },
  "customer_coords": {
    "0": [
      42.83102748821058,
      98.40819918204507
    ],
    "1": [
      68.0081965836279,
      11.17619873997996
    ],
    "2": [
      77.53806294801895,
      14.768468506498333
    ],
    "3": [
      12.90158529076183,
      17.521958207651767
    ],
    "4": [
      49.19149620539693,
      77.84573660708313
    ],
    "5": [
      29.091810288424767,
      37.12892069604965
    ],
    "6": [
      79.33261490309468,
      55.998512817453374
    ],
    "7": [
      97.15608757335417,
      7.570633959283968
    ],
    "8": [
      0.778470956536037,
      71.47712522425978
    ],
    "9": [
      34.92905066486721,
      52.52093326007684
    ]
  },
  "facility_coords": {
    "0": [
      2.6595164931872417,
      32.06169514102254
    ],
    "1": [
      84.19093410935959,
      94.68404002715
    ],
    "2": [
      4.2658640011923215,
      20.334939984196374
    ],
    "3": [
      36.68594358851072,
      98.07295440103309
    ],
    "4": [
      54.193009005154124,
      59.55607830020993
    ]
  },
  "c": {
    "0,0": 24.267333117882483,
    "0,1": 11.350693793398817,
    "0,2": 24.024798703828242,
    "0,3": 1.8024052932927792,
    "0,4": 11.592674620230612,
    "1,0": 20.428423283359457,
    "1,1": 23.988746900636144,
    "1,2": 17.963939307298084,
    "1,3": 27.48452258651358,
    "1,4": 15.596250303169118,
    "2,0": 21.414480317177844,
    "2,1": 23.49461850362085,
    "2,2": 21.354011737770033,
    "2,3": 27.27750019541595,
    "2,4": 14.93346318131443,
    "3,0": 5.604158051768573,
    "3,1": 31.277442320256313,
    "3,2": 2.5021572162545405,
    "3,3": 27.191841356401323,
    "3,4": 16.57603696686187,
    "4,0": 18.887189853553853,
    "4,1": 11.927060024050649,
    "4,2": 20.616675044510885,
    "4,3": 6.685224121670114,
    "4,4": 6.027120167675062,
    "5,0": 7.445067396386435,
    "5,1": 25.56608923139605,
    "5,2": 9.884183034820696,
    "5,3": 19.614870893605335,
    "5,4": 9.685731784965139,
    "6,0": 24.775592660443895,
    "6,1": 11.407602247685992,
    "6,2": 23.649178980832293,
    "6,3": 16.985392171262767,
    "6,4": 6.911663714960339,
    "7,0": 29.072100988296942,
    "7,1": 26.87889887696482,
    "7,2": 29.100515190122703,
    "7,3": 30.15963200317904,
    "7,4": 19.188295376390005,
    "8,0": 11.520195524042462,
    "8,1": 28.38777195914639,
    "8,2": 15.679858041807316,
    "8,3": 14.470410728496976,
    "8,4": 15.885132304243962,
    "9,0": 11.177494232084165,
    "9,1": 18.508802515127428,
    "9,2": 12.097025392189336,
    "9,3": 15.014773395846865,
    "9,4": 5.754396504099289
  }
}