{
  "config": {
    "n_customers": 10,
    "n_facilities": 5,
    "p_min": 20.0,
    "p_max": 80.0,
    "gamma": 0.3,
    "base_demand_min": 50,
    "base_demand_max": 150,
    "f_min": 500.0,
    "f_max": 1000.0,
    "c_min": 10.0,
    "c_max": 50.0,
    "tau_max": 0.8,
    "base_capacity_factor": 1.2,
    "cap_fluctuation": 0.4,
    "seed": 383483661
  },
  "I": [
    0,
    1,
    2,
    3,
    4,
    5,
    6,
    7,
    8,
    9
  ],
  "J": [
    0,
    1,
    2,
    3,
    4
  ],
  "f": {
    "0": 817.7700589367367,
    "1": 684.5748897271359,
    "2": 829.5544240413894,
    "3": 838.4535024778609,
    "4": 833.6062550350075
  },
  "a": {
    "0": 0.9566666666666667,
    "1": 1.4583333333333333,
    "2": 1.4,
    "3": 1.2716666666666667,
    "4": 0.63,
    "5": 1.4583333333333333,
    "6": 1.3066666666666664,
    "7": 0.7466666666666666,
    "8": 1.4816666666666665,
    "9": 1.225
  },
  "b": {
    "0": 101.13333333333333,
    "1": 154.16666666666666,
    "2": 148.0,
    "3": 134.43333333333334,
    "4": 66.6,
    "5": 154.16666666666666,
    "6": 138.13333333333333,
    "7": 78.93333333333334,
    "8": 156.63333333333333,
    "9": 129.5
  },
  "base_demand": {
    "0": 82.0,
    "1": 125.0,
    "2": 120.0,
    "3": 109.0,
    "4": 54.0,
    "5": 125.0,
    "6": 112.0,
    "7": 64.0,
    "8": 127.0,
    "9": 105.0
  },
  "tau_max": 0.8,
  "base_capacity_factor": 1.2,
  "cap_fluctuation": 0.4,
  "base_capacity": {
    "0": 267.0,
    "1": 162.0,
    "2": 297.0,
    "3": 255.0,
    "4": 300.0
  },
  "customer_coords": {
    "0": [
      54.77024218929692,
      76.39872571157727
    ],
    "1": [
      58.28394825246407,
      80.01267060987904
    ],
    "2": [
      89.91685691198117,
      84.4437852926861
    ],
    "3": [
      49.96140874548235,
      20.248802325765492
    ],
    "4": [
      84.39603004400502,
      82.8285798340284
    ],
    "5": [
      72.53913935936944,
      38.77909825624491
    ],
    "6": [
      82.24258774317728,
      61.627002651874896
    ],
    "7": [
      98.52796587358725,
      6.951596845810615
    ],
    "8": [
      52.04722955231054,
      43.361730882444874
    ],
    "9": [
      57.50123542260563,
      29.140818151530834
    ]
  },
  "facility_coords": {
    "0": [
      57.85451544795933,
      74.65458045503595
    ],
    "1": [
      48.890367728999706,
      88.93331982974438
    ],
    "2": [
      52.01562347199072,
      90.81674957736786
    ],
    "3": [
      69.50377371698278,
      43.261636301495486
    ],
    "4": [
      77.88187808593884,
      7.988517919712656
    ]
  },
  "c": {
    "0,0": 1.0472585133925603,
    "0,1": 4.463198911399715,
    "0,2": 4.617625436679373,
    "0,3": 11.870100713785762,
    "0,4": 19.871221332715773,
    "1,0": 1.4522363313797422,
    "1,1": 4.0314007764701865,
    "1,2": 3.908265091700701,
    "1,3": 10.49557695395012,
    "1,4": 23.186940133537277,
    "2,0": 9.399412581470596,
    "2,1": 12.103238285295207,
    "2,2": 11.569421308099505,
    "2,3": 13.66025114715392,
    "2,4": 21.494288143067116,
    "3,0": 15.70985000074503,
    "3,1": 18.87206350283996,
    "3,2": 22.5190868650056,
    "3,3": 8.724075031043062,
    "3,4": 10.031464232910713,
    "4,0": 7.877611239462683,
    "4,1": 11.202533796734073,
    "4,2": 9.383322655289108,
    "4,3": 12.047148785109165,
    "4,4": 20.591538007001148,
    "5,0": 11.12740105073268,
    "5,1": 17.152476467618435,
    "5,2": 16.598865100642165,
    "5,3": 1.7254225226064734,
    "5,4": 8.666060323423896,
    "6,0": 8.268021115905881,
    "6,1": 11.72505761787947,
    "6,2": 12.477869618572196,
    "6,3": 6.8349873149692435,
    "6,4": 15.109692715979591,
    "7,0": 23.660526993423137,
    "7,1": 26.607200716939793,
    "7,2": 26.89140467305053,
    "7,3": 13.785553425241115,
    "7,4": 5.829221294780217,
    "8,0": 9.843925576987065,
    "8,1": 14.211354755303258,
    "8,2": 12.889908669979427,
    "8,3": 5.247561102806567,
    "8,4": 12.344988934577051,
    "9,0": 14.246597706473068,
    "9,1": 18.143552975248273,
    "9,2": 20.408514679817813,
    "9,3": 5.333941509406566,
    "9,4": 9.611400615247526
  }
}