{
  "config": {
    "n_customers": 10,
    "n_facilities": 10,
    "p_min": 20.0,
    "p_max": 80.0,
    "gamma": 0.3,
    "base_demand_min": 50,
    "base_demand_max": 150,
    "f_min": 500.0,
    "f_max": 1000.0,
    "c_min": 10.0,
    "c_max": 50.0,
    "tau_max": 0.4,
    "base_capacity_factor": 1.2,
    "cap_fluctuation": 0.2,
    "seed": 1731896075
  },
  "I": [
    0,
    1,
    2,
    3,
    4,
    5,
    6,
    7,
    8,
    9
  ],
  "J": [
    0,
    1,
    2,
    3,
    4,
    5,
    6,
    7,
    8,
    9
  ],
  "f": {
    "0": 706.0754662087455,
    "1": 668.9838546583009,
    "2": 961.5684594158412,
    "3": 640.6594754181281,
    "4": 518.0592633962522,
    "5": 629.7362075872796,
    "6": 524.6150970689465,
    "7": 740.459684648677,
    "8": 992.2515738521207,
    "9": 636.2343680330755
  },
  "a": {
    "0": 1.6099999999999999,
    "1": 0.8983333333333333,
    "2": 1.7266666666666666,
    "3": 0.6416666666666667,
    "4": 0.8283333333333333,
    "5": 1.2833333333333334,
    "6": 0.875,
    "7": 1.7383333333333333,
    "8": 0.9333333333333333,
    "9": 0.8633333333333333
  },
  "b": {
    "0": 170.2,
    "1": 94.96666666666667,
    "2": 182.53333333333333,
    "3": 67.83333333333333,
    "4": 87.56666666666666,
    "5": 135.66666666666666,
    "6": 92.5,
    "7": 183.76666666666665,
    "8": 98.66666666666667,
    "9": 91.26666666666667
  },
  "base_demand": {
    "0": 138.0,
    "1": 77.0,
    "2": 148.0,
    "3": 55.0,
    "4": 71.0,
    "5": 110.0,
    "6": 75.0,
    "7": 149.0,
    "8": 80.0,
    "9": 74.0
  },
  "tau_max": 0.4,
  "base_capacity_factor": 1.2,
  "cap_fluctuation": 0.2,
  "base_capacity": {
    "0": 115.0,
    "1": 115.0,
    "2": 127.0,
    "3": 102.0,
    "4": 131.0,
    "5": 126.0,
    "6": 120.0,
    "7": 121.0,
    "8": 117.0,
    "9": 132.0
  },
  "customer_coords": {
    "0": [
      38.99945848830983,
      40.97818657839215
    ],
    "1": [
      71.46868693411214,
      35.32150383590136
    ],
    "2": [
      71.12731332151314,
      89.73234601611544
    ],
    "3": [
      24.163216423509184,
      2.1234708298090488
    ],
    "4": [
      0.681173411682956,
      12.313863204473563
    ],
    "5": [
      79.5071255786166,
      45.890223188451564
    ],
    "6": [
      4.953146877395342,
      61.92691045577964
    ],
    "7": [
      80.99327602962968,
      65.1662089462703
    ],
    "8": [
      20.252854637495187,
      68.4349736148767
    ],
    "9": [
      41.87731285375938,
      59.07563812679396
    ]
  },
  "facility_coords": {
    "0": [
      66.40962012040418,
      73.56068283316381
    ],
    "1": [
      40.203085820065866,
      41.217240133465324
    ],
    "2": [
      69.03802862388788,
      60.423916968127365
    ],
    "3": [
      3.261281406081895,
      60.007811984200444
    ],
    "4": [
      57.68294606933664,
      18.353609735731535
    ],
    "5": [
      51.74653826876913,
      70.52447670662939
    ],
    "6": [
      72.40104484184245,
      24.228419277076974
    ],
    "7": [
      21.723695986253855,
      33.656443113748935
    ],
    "8": [
      97.68312390801765,
      49.66604587411337
    ],
    "9": [
      79.90945505334705,
      21.543326493586655
    ]
  },
  "c": {
    "0,0": 12.463256707400117,
    "0,1": 0.3951624769904277,
    "0,2": 11.625796642050188,
    "0,3": 11.898314222602675,
    "0,4": 8.198989010330713,
    "0,5": 9.496808195618152,
    "0,6": 11.549668951463602,
    "0,7": 6.092463967035379,
    "0,8": 18.2173250029912,
    "0,9": 13.190063359534843,
    "1,0": 10.715680980299577,
    "1,1": 9.810231913499045,
    "1,2": 7.020576247481953,
    "1,3": 23.66120704438169,
    "1,4": 6.4522356177181,
    "1,5": 11.441064008634296,
    "1,6": 3.6337883077434125,
    "1,7": 13.966083475540767,
    "1,8": 9.710828073397625,
    "1,9": 5.131437822394428,
    "2,0": 5.119803643436529,
    "2,1": 17.549772591074888,
    "2,2": 9.322412848564,
    "2,3": 20.663129425326492,
    "2,4": 23.390858412606715,
    "2,5": 8.798183985039074,
    "2,6": 21.18724772766299,
    "2,7": 23.021376148421243,
    "2,8": 13.272534928619786,
    "2,9": 20.1314673817719,
    "3,0": 23.607883057272254,
    "3,1": 12.728816107487289,
    "3,2": 23.300442203011023,
    "3,3": 17.25339762008895,
    "3,4": 10.081864286581991,
    "3,5": 20.72252956745938,
    "3,6": 16.605573686812548,
    "3,7": 9.366073779090284,
    "3,8": 25.467199555690755,
    "3,9": 16.702847627888218,
    "4,0": 25.90491804500267,
    "4,1": 16.02106010986951,
    "4,2": 23.087290384241125,
    "4,3": 12.904479927508676,
    "4,4": 17.54014589724101,
    "4,5": 25.471771155361743,
    "4,6": 22.405400177882935,
    "4,7": 8.788703091458384,
    "4,8": 28.34089297493643,
    "4,9": 25.6594062660131,
    "5,0": 8.906489975743499,
    "5,1": 12.182741268218239,
    "5,2": 5.702122763479254,
    "5,3": 24.79350464605796,
    "5,4": 10.1930884347957,
    "5,5": 12.079433046291475,
    "5,6": 6.687688974045001,
    "5,7": 16.901867239857,
    "5,8": 5.661474028651115,
    "5,9": 7.0938936912639745,
    "6,0": 20.3183377092846,
    "6,1": 12.533794248991398,
    "6,2": 17.70305053059249,
    "6,3": 0.7084535274972988,
    "6,4": 20.7512686525046,
    "6,5": 14.146352797029852,
    "6,6": 22.831007464398937,
    "6,7": 10.100500594074608,
    "6,8": 27.927585605687298,
    "6,9": 23.1581769172265,
    "7,0": 4.857196251775617,
    "7,1": 13.046588779209706,
    "7,2": 3.6631323074453395,
    "7,3": 23.61659937958296,
    "7,4": 15.362914048381619,
    "7,5": 8.365624355762261,
    "7,6": 12.036481831186427,
    "7,7": 21.42805799245058,
    "7,8": 6.185656239924585,
    "7,9": 12.893860649255263,
    "8,0": 13.651037764820364,
    "8,1": 10.111410902431683,
    "8,2": 14.46646749334286,
    "8,3": 5.913576300031205,
    "8,4": 19.71003160400254,
    "8,5": 9.966548936567467,
    "8,6": 19.25383326727252,
    "8,7": 11.47393151517807,
    "8,8": 25.78679457836311,
    "8,9": 20.741408093540812,
    "9,0": 8.375649473563502,
    "9,1": 5.0441530985349115,
    "9,2": 8.783357402625972,
    "9,3": 11.35247762941613,
    "9,4": 13.890712034937213,
    "9,5": 4.6194585387698766,
    "9,6": 15.172287436360088,
    "9,7": 8.840407315973305,
    "9,8": 16.79279064060786,
    "9,9": 16.80354999772587
  }
}