{
  "config": {
    "n_customers": 10,
    "n_facilities": 5,
    "p_min": 20.0,
    "p_max": 80.0,
    "gamma": 0.3,
    "base_demand_min": 50,
    "base_demand_max": 150,
    "f_min": 500.0,
    "f_max": 1000.0,
    "c_min": 10.0,
    "c_max": 50.0,
    "tau_max": 0.8,
    "base_capacity_factor": 1.2,
    "cap_fluctuation": 0.1,
    "seed": 323153948
  },
  "I": [
    0,
    1,
    2,
    3,
    4,
    5,
    6,
    7,
    8,
    9
  ],
  "J": [
    0,
    1,
    2,
    3,
    4
  ],
  "f": {
    "0": 847.4852231584468,
    "1": 751.3939613673906,
    "2": 773.2190598231829,
    "3": 846.530631715554,
    "4": 760.7737851401699
  },
  "a": {
    "0": 1.353333333333333,
    "1": 1.225,
    "2": 1.0966666666666667,
    "3": 1.6916666666666667,
    "4": 0.63,
    "5": 1.2716666666666667,
    "6": 0.6183333333333333,
    "7": 1.26,
    "8": 1.2133333333333334,
    "9": 1.085
  },
  "b": {
    "0": 143.06666666666666,
    "1": 129.5,
    "2": 115.93333333333334,
    "3": 178.83333333333334,
    "4": 66.6,
    "5": 134.43333333333334,
    "6": 65.36666666666666,
    "7": 133.2,
    "8": 128.26666666666665,
    "9": 114.7
  },
  "base_demand": {
    "0": 116.0,
    "1": 105.0,
    "2": 94.0,
    "3": 145.0,
    "4": 54.0,
    "5": 109.0,
    "6": 53.0,
    "7": 108.0,
    "8": 104.0,
    "9": 93.0
  },
  "tau_max": 0.8,
  "base_capacity_factor": 1.2,
  "cap_fluctuation": 0.1,
  "base_capacity": {
    "0": 220.0,
    "1": 250.0,
    "2": 217.0,
    "3": 220.0,
    "4": 228.0
  },
  "customer_coords": {
    "0": [
      10.053446250760079,
      33.23081058784955
    ],
    "1": [
      41.81440579034784,
      57.21944832904637
    ],
    "2": [
      86.8557162669196,
      44.444806662753
    ],
    "3": [
      48.16061730915242,
      26.04022416238294
    ],
    "4": [
      63.0632141577371,
      31.091069161296637
    ],
    "5": [
      25.847877370735183,
      72.93237244144292
    ],
    "6": [
      78.7806008658546,
      7.051160253494548
    ],
    "7": [
      27.553939463333155,
      9.277182100565174
    ],
    "8": [
      30.06121759956012,
      17.58055333560581
    ],
    "9": [
      79.68662060202064,
      46.46660008939426
    ]
  },
  "facility_coords": {
    "0": [
      9.147491238926786,
      18.374645331360252
    ],
    "1": [
      63.50068500133526,
      98.61196092275338
    ],
    "2": [
      45.28882543990612,
      7.848931759659006
    ],
    "3": [
      24.76400948711468,
      72.36580564731098
    ],
    "4": [
      25.716961299673148,
      49.370553222628885
    ]
  },
  "c": {
    "0,0": 4.2460115556279066,
    "0,1": 23.290621943791958,
    "0,2": 12.56795318680722,
    "0,3": 12.14148014609128,
    "0,4": 7.257380445484175,
    "1,0": 16.287694704648946,
    "1,1": 13.800249796696875,
    "1,2": 15.914651488154263,
    "1,3": 6.313981995137842,
    "1,4": 4.960615769802909,
    "2,0": 22.939187638438735,
    "2,1": 19.032786931757123,
    "2,2": 17.874147224745926,
    "2,3": 20.4553389474053,
    "2,4": 16.924616387150085,
    "3,0": 10.815763523126245,
    "3,1": 20.51199592246364,
    "3,2": 5.122572550903753,
    "3,3": 15.298935250687368,
    "3,4": 9.909667205150312,
    "4,0": 15.824365164446277,
    "4,1": 19.801982407874934,
    "4,2": 8.381629008148584,
    "4,3": 18.34081472694033,
    "4,4": 12.017404561769343,
    "5,0": 17.586810127289286,
    "5,1": 12.471164456303041,
    "5,2": 19.746696192713635,
    "5,3": 0.3916872011076874,
    "5,4": 7.342603239532621,
    "6,0": 22.545546416704845,
    "6,1": 29.50864114802995,
    "6,2": 10.375674238806079,
    "6,3": 24.564505710862854,
    "6,4": 21.368970873325633,
    "7,0": 6.5841618037087315,
    "7,1": 27.305815397494026,
    "7,2": 5.584279283193085,
    "7,3": 19.716479669269386,
    "7,4": 11.634507712437284,
    "8,0": 6.236710277707529,
    "8,1": 25.13208566003355,
    "8,2": 5.399790533015967,
    "8,3": 15.78434190670614,
    "8,4": 10.430038127046798,
    "9,0": 22.566300458209575,
    "9,1": 16.91824325364179,
    "9,2": 16.63504874527513,
    "9,3": 18.55738188942442,
    "9,4": 14.691523971755375
  }
}