{
  "config": {
    "n_customers": 10,
    "n_facilities": 5,
    "p_min": 20.0,
    "p_max": 80.0,
    "gamma": 0.3,
    "base_demand_min": 50,
    "base_demand_max": 150,
    "f_min": 500.0,
    "f_max": 1000.0,
    "c_min": 10.0,
    "c_max": 50.0,
    "tau_max": 0.8,
    "base_capacity_factor": 1.2,
    "cap_fluctuation": 0.4,
    "seed": 1105094192
  },
  "I": [
    0,
    1,
    2,
    3,
    4,
    5,
    6,
    7,
    8,
    9
  ],
  "J": [
    0,
    1,
    2,
    3,
    4
  ],
  "f": {
    "0": 796.5618876520165,
    "1": 946.049505384849,
    "2": 839.505933210372,
    "3": 568.8228978942715,
    "4": 906.2329315408849
  },
  "a": {
    "0": 1.2949999999999997,
    "1": 0.7233333333333333,
    "2": 1.0616666666666665,
    "3": 1.4349999999999998,
    "4": 1.4933333333333332,
    "5": 1.0966666666666667,
    "6": 1.0033333333333332,
    "7": 1.6566666666666665,
    "8": 1.4349999999999998,
    "9": 1.5399999999999998
  },
  "b": {
    "0": 136.9,
    "1": 76.46666666666667,
    "2": 112.23333333333333,
    "3": 151.7,
    "4": 157.86666666666667,
    "5": 115.93333333333334,
    "6": 106.06666666666666,
    "7": 175.13333333333333,
    "8": 151.7,
    "9": 162.8
  },
  "base_demand": {
    "0": 111.0,
    "1": 62.0,
    "2": 91.0,
    "3": 123.0,
    "4": 128.0,
    "5": 94.0,
    "6": 86.0,
    "7": 142.0,
    "8": 123.0,
    "9": 132.0
  },
  "tau_max": 0.8,
  "base_capacity_factor": 1.2,
  "cap_fluctuation": 0.4,
  "base_capacity": {
    "0": 251.0,
    "1": 340.0,
    "2": 281.0,
    "3": 277.0,
    "4": 270.0
  },
  "customer_coords": {
    "0": [
      51.93300989318838,
      84.5501215366922
    ],
    "1": [
      99.52813187147514,
      22.974891944241737
    ],
    "2": [
      12.082579185877274,
      75.01302415082473
    ],
    "3": [
      30.000001041105207,
      91.49202950116096
    ],
    "4": [
      56.4240616384845,
      93.98849093239672
    ],
    "5": [
      46.998822851912195,
      71.5890412625877
    ],
    "6": [
      52.1141942632801,
      4.346686031783631
    ],
    "7": [
      31.497645396927766,
      14.295426134101607
    ],
    "8": [
      50.464785787125955,
      10.49611750268664
    ],
    "9": [
      41.100440143981366,
      94.61835084487298
    ]
  },
  "facility_coords": {
    "0": [
      85.00684896675399,
      1.254195691391169
    ],
    "1": [
      84.57288548846162,
      76.1145198428549
    ],
    "2": [
      68.10650277268982,
      59.67297029722355
    ],
    "3": [
      82.51656094766021,
      89.70267123263888
    ],
    "4": [
      60.27301456925075,
      23.072269921588262
    ]
  },
  "c": {
    "0,0": 28.873456820655726,
    "0,1": 10.008378798629693,
    "0,2": 8.460592065317583,
    "0,3": 9.471465672033785,
    "0,4": 19.99274315087542,
    "1,0": 7.462165874461756,
    "1,1": 16.84114419853561,
    "1,2": 14.062245067000893,
    "1,3": 22.062667814701914,
    "1,4": 12.143010763341552,
    "2,0": 34.00503879940288,
    "2,1": 21.38837093978049,
    "2,2": 17.248073230734246,
    "2,3": 19.98780483904199,
    "2,4": 20.026273960568137,
    "3,0": 28.84733908995064,
    "3,1": 15.880246403659793,
    "3,2": 15.237282010272269,
    "3,3": 16.95052994695684,
    "3,4": 24.297928131309245,
    "4,0": 26.550747219808773,
    "4,1": 10.757386321334119,
    "4,2": 11.391809559052966,
    "4,3": 7.261873765178315,
    "4,4": 22.880541013146075,
    "5,0": 24.78681210389304,
    "5,1": 11.136627937296304,
    "5,2": 7.2250823591397255,
    "5,3": 12.326169942424494,
    "5,4": 15.24235319801587,
    "6,0": 9.487886430771777,
    "6,1": 23.51663102045136,
    "6,2": 17.21688257197171,
    "6,3": 27.177477707920616,
    "6,4": 6.463578786512643,
    "7,0": 15.783595465735665,
    "7,1": 26.476272092445672,
    "7,2": 17.519487392835348,
    "7,3": 26.53715833414255,
    "7,4": 9.45670711793205,
    "8,0": 9.790060469410658,
    "8,1": 22.45506795583217,
    "8,2": 14.17457560462196,
    "8,3": 27.431764995791273,
    "8,4": 4.867617064305146,
    "9,0": 29.78494176427806,
    "9,1": 14.3409247930888,
    "9,2": 14.081780784782682,
    "9,3": 11.577645466280527,
    "9,4": 21.106063009247066
  }
}