{
  "config": {
    "n_customers": 10,
    "n_facilities": 5,
    "p_min": 20.0,
    "p_max": 80.0,
    "gamma": 0.3,
    "base_demand_min": 50,
    "base_demand_max": 150,
    "f_min": 500.0,
    "f_max": 1000.0,
    "c_min": 10.0,
    "c_max": 50.0,
    "tau_max": 0.8,
    "base_capacity_factor": 1.2,
    "cap_fluctuation": 0.4,
    "seed": 22989415
  },
  "I": [
    0,
    1,
    2,
    3,
    4,
    5,
    6,
    7,
    8,
    9
  ],
  "J": [
    0,
    1,
    2,
    3,
    4
  ],
  "f": {
    "0": 742.5015945416673,
    "1": 758.332125292409,
    "2": 976.528628976982,
    "3": 901.4701861365781,
    "4": 780.2176765971033
  },
  "a": {
    "0": 0.9683333333333333,
    "1": 1.5399999999999998,
    "2": 0.8633333333333333,
    "3": 0.945,
    "4": 1.2483333333333333,
    "5": 1.085,
    "6": 1.0733333333333333,
    "7": 1.505,
    "8": 1.75,
    "9": 0.6416666666666667
  },
  "b": {
    "0": 102.36666666666667,
    "1": 162.8,
    "2": 91.26666666666667,
    "3": 99.9,
    "4": 131.96666666666667,
    "5": 114.7,
    "6": 113.46666666666667,
    "7": 159.1,
    "8": 185.0,
    "9": 67.83333333333333
  },
  "base_demand": {
    "0": 83.0,
    "1": 132.0,
    "2": 74.0,
    "3": 81.0,
    "4": 107.0,
    "5": 93.0,
    "6": 92.0,
    "7": 129.0,
    "8": 150.0,
    "9": 55.0
  },
  "tau_max": 0.8,
  "base_capacity_factor": 1.2,
  "cap_fluctuation": 0.4,
  "base_capacity": {
    "0": 269.0,
    "1": 276.0,
    "2": 265.0,
    "3": 166.0,
    "4": 222.0
  },
  "customer_coords": {
    "0": [
      48.58171197604665,
      88.61937735103648
    ],
    "1": [
      29.704448965496187,
      52.10809038958517
    ],
    "2": [
      18.83661666935157,
      61.21572853048459
    ],
    "3": [
      38.67987037979944,
      50.1701947288999
    ],
    "4": [
      9.548215850125652,
      92.5671171019526
    ],
    "5": [
      25.963052046714484,
      78.57669567553184
    ],
    "6": [
      42.09291466341908,
      10.748364095837227
    ],
    "7": [
      16.15893572039714,
      51.317940698371146
    ],
    "8": [
      67.048694053212,
      30.544750494591977
    ],
    "9": [
      95.86461805863436,
      24.31293441414968
    ]
  },
  "facility_coords": {
    "0": [
      48.018882986666334,
      72.14711841410303
    ],
    "1": [
      60.81866045913259,
      98.49465096541212
    ],
    "2": [
      40.388184685097826,
      52.2962888498783
    ],
    "3": [
      83.89029023659948,
      3.622034694632803
    ],
    "4": [
      5.232449183924492,
      67.95194145960834
    ]
  },
  "c": {
    "0,0": 4.833679336022131,
    "0,1": 4.551790438454494,
    "0,2": 10.409788851248702,
    "0,3": 27.047995038193537,
    "0,4": 13.361393606087713,
    "1,0": 8.37637829250699,
    "1,1": 17.994782803841073,
    "1,2": 3.202394740864384,
    "1,3": 20.060831049275137,
    "1,4": 9.37445026182245,
    "2,0": 8.598792513796939,
    "2,1": 17.95026351961515,
    "2,2": 6.445925031720211,
    "2,3": 26.22956559523578,
    "2,4": 4.561914075425891,
    "3,0": 7.101256606210159,
    "3,1": 15.1966273070126,
    "3,2": 0.8154904185476979,
    "3,3": 18.7600661073335,
    "3,4": 10.770589920266634,
    "4,0": 14.077551819976929,
    "4,1": 15.151128011729442,
    "4,2": 16.13869344771864,
    "4,3": 35.81860431062867,
    "4,4": 8.000917394598071,
    "5,0": 7.487078912656001,
    "5,1": 11.578759490835088,
    "5,2": 8.839933475782077,
    "5,3": 30.47126261808943,
    "5,4": 6.82023716661466,
    "6,0": 19.200567580308242,
    "6,1": 24.484341226519813,
    "6,2": 13.207685868160576,
    "6,3": 12.592365422163155,
    "6,4": 22.244797148988674,
    "7,0": 11.396521369697318,
    "7,1": 20.483286545470005,
    "7,2": 7.770652472644282,
    "7,3": 26.781450620346035,
    "7,4": 6.199529662225649,
    "8,0": 13.434808049756889,
    "8,1": 20.23560452662219,
    "8,2": 10.806284694114558,
    "8,3": 9.48797539858469,
    "8,4": 23.663761528484564,
    "9,0": 21.048802830569986,
    "9,1": 24.11292912327782,
    "9,2": 19.172695469147158,
    "9,3": 7.386631971185888,
    "9,4": 30.436278357447577
  }
}