{
  "config": {
    "n_customers": 20,
    "n_facilities": 5,
    "p_min": 20.0,
    "p_max": 80.0,
    "gamma": 0.3,
    "base_demand_min": 50,
    "base_demand_max": 150,
    "f_min": 500.0,
    "f_max": 1000.0,
    "c_min": 10.0,
    "c_max": 50.0,
    "tau_max": 0.4,
    "base_capacity_factor": 1.2,
    "cap_fluctuation": 0.2,
    "seed": 3653403230
  },
  "I": [
    0,
    1,
    2,
    3,
    4,
    5,
    6,
    7,
    8,
    9,
    10,
    11,
    12,
    13,
    14,
    15,
    16,
    17,
    18,
    19
  ],
  "J": [
    0,
    1,
    2,
    3,
    4
  ],
  "f": {
    "0": 727.9662576653599,
    "1": 657.9698492698624,
    "2": 513.258531591266,
    "3": 911.5709627658783,
    "4": 785.6004642852938
  },
  "a": {
    "0": 1.7266666666666666,
    "1": 1.528333333333333,
    "2": 0.8516666666666666,
    "3": 0.7699999999999999,
    "4": 0.7233333333333333,
    "5": 1.2483333333333333,
    "6": 1.0616666666666665,
    "7": 1.3416666666666666,
    "8": 0.595,
    "9": 0.9683333333333333,
    "10": 1.3649999999999998,
    "11": 1.575,
    "12": 1.225,
    "13": 0.7349999999999999,
    "14": 1.4466666666666665,
    "15": 0.7,
    "16": 1.505,
    "17": 1.5516666666666665,
    "18": 1.2833333333333334,
    "19": 1.3649999999999998
  },
  "b": {
    "0": 182.53333333333333,
    "1": 161.56666666666666,
    "2": 90.03333333333333,
    "3": 81.4,
    "4": 76.46666666666667,
    "5": 131.96666666666667,
    "6": 112.23333333333333,
    "7": 141.83333333333334,
    "8": 62.9,
    "9": 102.36666666666667,
    "10": 144.3,
    "11": 166.5,
    "12": 129.5,
    "13": 77.7,
    "14": 152.93333333333334,
    "15": 74.0,
    "16": 159.1,
    "17": 164.03333333333333,
    "18": 135.66666666666666,
    "19": 144.3
  },
  "base_demand": {
    "0": 148.0,
    "1": 131.0,
    "2": 73.0,
    "3": 66.0,
    "4": 62.0,
    "5": 107.0,
    "6": 91.0,
    "7": 115.0,
    "8": 51.0,
    "9": 83.0,
    "10": 117.0,
    "11": 135.0,
    "12": 105.0,
    "13": 63.0,
    "14": 124.0,
    "15": 60.0,
    "16": 129.0,
    "17": 133.0,
    "18": 110.0,
    "19": 117.0
  },
  "tau_max": 0.4,
  "base_capacity_factor": 1.2,
  "cap_fluctuation": 0.2,
  "base_capacity": {
    "0": 476.0,
    "1": 513.0,
    "2": 558.0,
    "3": 490.0,
    "4": 450.0
  },
  "customer_coords": {
    "0": [
      67.33315740148804,
      54.24401692377649
    ],
    "1": [
      3.8826082505345028,
      48.32652246957786
    ],
    "2": [
      72.52434243891966,
      57.36478947542268
    ],
    "3": [
      89.48088231986547,
      83.76805655990857
    ],
    "4": [
      63.28190885767603,
      89.204328712676
    ],
    "5": [
      35.66559758466723,
      0.003049500031260255
    ],
    "6": [
      58.364433299820284,
      96.93144818523473
    ],
    "7": [
      57.768787932589426,
      45.65866127849642
    ],
    "8": [
      89.64708420301083,
      96.7771959261353
    ],
    "9": [
      1.1342803722783512,
      57.60485867641406
    ],
    "10": [
      15.428899528606744,
      98.48523769467678
    ],
    "11": [
      9.653176511522965,
      32.22340170164459
    ],
    "12": [
      71.06956586563318,
      85.21896894024871
    ],
    "13": [
      72.47824261199573,
      46.74918515998836
    ],
    "14": [
      15.65086587048764,
      16.946937095171897
    ],
    "15": [
      45.3428501130963,
      19.693363954298647
    ],
    "16": [
      20.241925743497656,
      93.53407881172349
    ],
    "17": [
      70.27861209025991,
      38.06396329275793
    ],
    "18": [
      12.320959886251504,
      11.944928364694462
    ],
    "19": [
      50.427614405540886,
      23.079507565507306
    ]
  },
  "facility_coords": {
    "0": [
      48.431805984303665,
      13.29101049687157
    ],
    "1": [
      2.648388004617175,
      47.57597221435208
    ],
    "2": [
      3.9347264801235515,
      74.12809652059113
    ],
    "3": [
      99.45890149383115,
      45.42675291289734
    ],
    "4": [
      28.349594897024666,
      62.867515923480674
    ]
  },
  "c": {
    "0,0": 14.23903043132887,
    "0,1": 17.899729201269814,
    "0,2": 18.148334257114374,
    "0,3": 10.901220501325172,
    "0,4": 11.450240719441842,
    "1,0": 15.443179021397372,
    "1,1": 0.45550476245957533,
    "1,2": 8.304454694681304,
    "1,3": 26.875563675157547,
    "1,4": 8.168470638268346,
    "2,0": 15.748706747905302,
    "2,1": 21.58328269611609,
    "2,2": 20.288251322021758,
    "2,3": 9.40062175932545,
    "2,4": 12.567878896958081,
    "3,0": 25.038955907412113,
    "3,1": 25.622602529475923,
    "3,2": 25.494741712837207,
    "3,3": 11.08444614429521,
    "3,4": 20.341481016506293,
    "4,0": 22.91514685673182,
    "4,1": 22.44454336091899,
    "4,2": 17.637434816708403,
    "4,3": 16.912106082940493,
    "4,4": 12.061026798980242,
    "5,0": 5.874557783497946,
    "5,1": 15.806578962998366,
    "5,2": 26.27917716521379,
    "5,3": 22.265662527709576,
    "5,4": 20.24708919891244,
    "6,0": 26.46338548031995,
    "6,1": 22.64767104815278,
    "6,2": 16.56420777111217,
    "6,3": 21.3457156951041,
    "6,4": 13.372093376584193,
    "7,0": 10.844006584679077,
    "7,1": 14.975882541954915,
    "7,2": 19.08744670362028,
    "7,3": 13.046814034606243,
    "7,4": 9.6808418531489,
    "8,0": 26.519296334007908,
    "8,1": 29.861306726531335,
    "8,2": 24.68360908484288,
    "8,3": 15.937836310283464,
    "8,4": 22.42440884124495,
    "9,0": 19.478985879016378,
    "9,1": 3.0219896787191427,
    "9,2": 4.7403370596510745,
    "9,3": 30.346884041304005,
    "9,4": 8.243352855966592,
    "10,0": 24.847897470169734,
    "10,1": 14.72972395582085,
    "10,2": 8.86682002960219,
    "10,3": 27.109864490213617,
    "10,4": 10.36906624478824,
    "11,0": 12.316297735639035,
    "11,1": 4.851771621694324,
    "11,2": 11.810224326291197,
    "11,3": 25.279696606827024,
    "11,4": 11.177128589345978,
    "12,0": 20.725580489297634,
    "12,1": 21.524632649301473,
    "12,2": 21.08192564030505,
    "12,3": 13.649732352929917,
    "12,4": 15.418851330109392,
    "13,0": 12.405981270945245,
    "13,1": 21.937532438186086,
    "13,2": 20.77843042434492,
    "13,3": 7.590847375479224,
    "13,4": 12.75448068199612,
    "14,0": 9.131439019626407,
    "14,1": 9.295880805493844,
    "14,2": 17.016674672762168,
    "14,3": 25.024624543368244,
    "14,4": 13.37329693311839,
    "15,0": 2.211437486795274,
    "15,1": 15.957949211275704,
    "15,2": 20.02000664765765,
    "15,3": 17.575731165334748,
    "15,4": 13.865245427218289,
    "16,0": 27.61644388231678,
    "16,1": 14.255038763689935,
    "16,2": 8.303062956946341,
    "16,3": 26.261931374775248,
    "16,4": 10.052750212547002,
    "17,0": 10.275300722885959,
    "17,1": 20.097038873371954,
    "17,2": 23.839170791749893,
    "17,3": 9.16940245637559,
    "17,4": 14.910270525771958,
    "18,0": 10.06969284483023,
    "18,1": 11.875139124227518,
    "18,2": 20.641510813460037,
    "18,3": 28.488318839680247,
    "18,4": 15.007434720205556,
    "19,0": 2.930871400906616,
    "19,1": 16.889839423842286,
    "19,2": 21.682237485846287,
    "19,3": 16.02480720020415,
    "19,4": 13.291969194718638
  }
}