{
  "config": {
    "n_customers": 20,
    "n_facilities": 5,
    "p_min": 20.0,
    "p_max": 80.0,
    "gamma": 0.3,
    "base_demand_min": 50,
    "base_demand_max": 150,
    "f_min": 500.0,
    "f_max": 1000.0,
    "c_min": 10.0,
    "c_max": 50.0,
    "tau_max": 0.4,
    "base_capacity_factor": 1.2,
    "cap_fluctuation": 0.2,
    "seed": 323153948
  },
  "I": [
    0,
    1,
    2,
    3,
    4,
    5,
    6,
    7,
    8,
    9,
    10,
    11,
    12,
    13,
    14,
    15,
    16,
    17,
    18,
    19
  ],
  "J": [
    0,
    1,
    2,
    3,
    4
  ],
  "f": {
    "0": 847.4852231584468,
    "1": 751.3939613673906,
    "2": 773.2190598231829,
    "3": 846.530631715554,
    "4": 760.7737851401699
  },
  "a": {
    "0": 1.3883333333333332,
    "1": 1.5633333333333332,
    "2": 1.1199999999999999,
    "3": 1.3766666666666665,
    "4": 1.5516666666666665,
    "5": 1.3183333333333331,
    "6": 1.19,
    "7": 1.353333333333333,
    "8": 1.085,
    "9": 0.63,
    "10": 0.5833333333333334,
    "11": 0.84,
    "12": 1.5166666666666666,
    "13": 0.8166666666666667,
    "14": 1.085,
    "15": 1.5166666666666666,
    "16": 1.75,
    "17": 1.19,
    "18": 1.68,
    "19": 1.353333333333333
  },
  "b": {
    "0": 146.76666666666665,
    "1": 165.26666666666665,
    "2": 118.4,
    "3": 145.53333333333333,
    "4": 164.03333333333333,
    "5": 139.36666666666667,
    "6": 125.8,
    "7": 143.06666666666666,
    "8": 114.7,
    "9": 66.6,
    "10": 61.66666666666667,
    "11": 88.8,
    "12": 160.33333333333334,
    "13": 86.33333333333333,
    "14": 114.7,
    "15": 160.33333333333334,
    "16": 185.0,
    "17": 125.8,
    "18": 177.6,
    "19": 143.06666666666666
  },
  "base_demand": {
    "0": 119.0,
    "1": 134.0,
    "2": 96.0,
    "3": 118.0,
    "4": 133.0,
    "5": 113.0,
    "6": 102.0,
    "7": 116.0,
    "8": 93.0,
    "9": 54.0,
    "10": 50.0,
    "11": 72.0,
    "12": 130.0,
    "13": 70.0,
    "14": 93.0,
    "15": 130.0,
    "16": 150.0,
    "17": 102.0,
    "18": 144.0,
    "19": 116.0
  },
  "tau_max": 0.4,
  "base_capacity_factor": 1.2,
  "cap_fluctuation": 0.2,
  "base_capacity": {
    "0": 580.0,
    "1": 531.0,
    "2": 448.0,
    "3": 605.0,
    "4": 614.0
  },
  "customer_coords": {
    "0": [
      10.053446250760079,
      33.23081058784955
    ],
    "1": [
      41.81440579034784,
      57.21944832904637
    ],
    "2": [
      86.8557162669196,
      44.444806662753
    ],
    "3": [
      48.16061730915242,
      26.04022416238294
    ],
    "4": [
      63.0632141577371,
      31.091069161296637
    ],
    "5": [
      25.847877370735183,
      72.93237244144292
    ],
    "6": [
      78.7806008658546,
      7.051160253494548
    ],
    "7": [
      27.553939463333155,
      9.277182100565174
    ],
    "8": [
      30.06121759956012,
      17.58055333560581
    ],
    "9": [
      79.68662060202064,
      46.46660008939426
    ],
    "10": [
      9.147491238926786,
      18.374645331360252
    ],
    "11": [
      63.50068500133526,
      98.61196092275338
    ],
    "12": [
      45.28882543990612,
      7.848931759659006
    ],
    "13": [
      24.76400948711468,
      72.36580564731098
    ],
    "14": [
      25.716961299673148,
      49.370553222628885
    ],
    "15": [
      25.463492188909786,
      9.669212452298092
    ],
    "16": [
      32.357176994606704,
      34.01192975421027
    ],
    "17": [
      87.80315415525048,
      84.84945895492122
    ],
    "18": [
      42.20462842945374,
      85.92674628433123
    ],
    "19": [
      11.420523459681831,
      11.649746652531112
    ]
  },
  "facility_coords": {
    "0": [
      16.44411994797722,
      87.76228210135665
    ],
    "1": [
      87.91372765566578,
      50.76311217897287
    ],
    "2": [
      9.881614261815308,
      3.3874718236255985
    ],
    "3": [
      10.89009889145286,
      13.583483804462915
    ],
    "4": [
      41.308898384574164,
      60.179061236688725
    ]
  },
  "c": {
    "0,0": 15.684276829133916,
    "0,1": 23.405484571778512,
    "0,2": 8.548978749985773,
    "0,3": 6.4055468931076565,
    "0,4": 11.92750284183085,
    "1,0": 12.238575352925722,
    "1,1": 12.737466030813323,
    "1,2": 18.19592119105333,
    "1,3": 17.128584991714334,
    "1,4": 0.9356506026333845,
    "2,0": 26.419284951675383,
    "2,1": 2.036481363870767,
    "2,2": 27.018906950048937,
    "2,3": 23.763967943697377,
    "2,4": 15.17148441230821,
    "3,0": 22.253231175844224,
    "3,1": 13.274612185960965,
    "3,2": 13.960314582227513,
    "3,3": 12.269152424814003,
    "3,4": 10.093554996840124,
    "4,0": 21.86768480845733,
    "4,1": 9.086775033954025,
    "4,2": 17.9174084791348,
    "4,3": 15.781906496597818,
    "4,4": 11.807543497450045,
    "5,0": 5.219035956519684,
    "5,1": 20.42172909193364,
    "5,2": 22.951938254876566,
    "5,3": 18.704671276931066,
    "5,4": 5.4479732563299645,
    "6,0": 30.91757655535121,
    "6,1": 14.578421518871249,
    "6,2": 21.05580001148058,
    "6,3": 20.7967430747525,
    "6,4": 19.250447567098142,
    "7,0": 25.306388767890063,
    "7,1": 20.634353268792278,
    "7,2": 5.713157793300103,
    "7,3": 5.113803869809022,
    "7,4": 17.281597753889507,
    "8,0": 19.90795903178169,
    "8,1": 20.949573725951282,
    "8,2": 7.253298697525052,
    "8,3": 5.335967942668659,
    "8,4": 13.527637173939683,
    "9,0": 21.308366454363895,
    "9,1": 2.947512294577342,
    "9,2": 25.24688461178813,
    "9,3": 22.156710114035675,
    "9,4": 12.749076709252913,
    "10,0": 18.973665246999715,
    "10,1": 24.068006146685903,
    "10,2": 4.510557069301815,
    "10,3": 1.4651440809743446,
    "10,4": 14.78672961925424,
    "11,0": 13.491639241470956,
    "11,1": 16.103441153483608,
    "11,2": 31.06499397686236,
    "11,3": 28.00082212589347,
    "11,4": 13.599664784128498,
    "12,0": 23.059322037656766,
    "12,1": 17.84041986750908,
    "12,2": 9.835153428112694,
    "12,3": 10.312355520268987,
    "12,4": 14.436686803953622,
    "13,0": 5.450513737272432,
    "13,1": 19.133176952744208,
    "13,2": 19.7304172204912,
    "13,3": 17.39047591828229,
    "13,4": 5.988130713972523,
    "14,0": 12.889010780935436,
    "14,1": 19.456556697194955,
    "14,2": 14.185312061171125,
    "14,3": 10.876437848159906,
    "14,4": 5.941543222367595,
    "15,0": 23.601134977636782,
    "15,1": 21.94935434871241,
    "15,2": 4.63459951827135,
    "15,3": 4.86951250602045,
    "15,4": 15.346506640409334,
    "16,0": 16.70797980013902,
    "16,1": 18.746478275703947,
    "16,2": 12.024620643017242,
    "16,3": 8.387379598462818,
    "16,4": 8.50570523965433,
    "17,0": 22.3728270232328,
    "17,1": 10.330334446362093,
    "17,2": 33.009787663124555,
    "17,3": 30.131747215456507,
    "17,4": 17.261163725981813,
    "18,0": 7.711305509595489,
    "18,1": 17.240993821997513,
    "18,2": 24.734198663513016,
    "18,3": 21.703465954676318,
    "18,4": 8.255596995557665,
    "19,0": 23.526599481184913,
    "19,1": 25.82737475358415,
    "19,2": 2.423662548990963,
    "19,3": 0.6136113511229755,
    "19,4": 15.512239608391706
  }
}