{
  "config": {
    "n_customers": 20,
    "n_facilities": 10,
    "p_min": 20.0,
    "p_max": 80.0,
    "gamma": 0.3,
    "base_demand_min": 50,
    "base_demand_max": 150,
    "f_min": 500.0,
    "f_max": 1000.0,
    "c_min": 10.0,
    "c_max": 50.0,
    "tau_max": 0.4,
    "base_capacity_factor": 1.2,
    "cap_fluctuation": 0.4,
    "seed": 2163061374
  },
  "I": [
    0,
    1,
    2,
    3,
    4,
    5,
    6,
    7,
    8,
    9,
    10,
    11,
    12,
    13,
    14,
    15,
    16,
    17,
    18,
    19
  ],
  "J": [
    0,
    1,
    2,
    3,
    4,
    5,
    6,
    7,
    8,
    9
  ],
  "f": {
    "0": 516.4862951619778,
    "1": 759.7561392035495,
    "2": 688.0332483607215,
    "3": 927.487031807264,
    "4": 879.3694622313925,
    "5": 714.155137441053,
    "6": 992.0409959102253,
    "7": 840.0409829181395,
    "8": 555.8809936998998,
    "9": 887.6903147400948
  },
  "a": {
    "0": 1.085,
    "1": 1.6683333333333332,
    "2": 0.7466666666666666,
    "3": 1.5983333333333332,
    "4": 1.6216666666666666,
    "5": 0.595,
    "6": 0.7233333333333333,
    "7": 0.945,
    "8": 1.4699999999999998,
    "9": 1.6916666666666667,
    "10": 1.4349999999999998,
    "11": 0.9916666666666666,
    "12": 1.4699999999999998,
    "13": 0.7816666666666666,
    "14": 0.63,
    "15": 1.3883333333333332,
    "16": 1.2016666666666667,
    "17": 1.2716666666666667,
    "18": 1.6566666666666665,
    "19": 1.3766666666666665
  },
  "b": {
    "0": 114.7,
    "1": 176.36666666666667,
    "2": 78.93333333333334,
    "3": 168.96666666666667,
    "4": 171.43333333333334,
    "5": 62.9,
    "6": 76.46666666666667,
    "7": 99.9,
    "8": 155.4,
    "9": 178.83333333333334,
    "10": 151.7,
    "11": 104.83333333333333,
    "12": 155.4,
    "13": 82.63333333333333,
    "14": 66.6,
    "15": 146.76666666666665,
    "16": 127.03333333333333,
    "17": 134.43333333333334,
    "18": 175.13333333333333,
    "19": 145.53333333333333
  },
  "base_demand": {
    "0": 93.0,
    "1": 143.0,
    "2": 64.0,
    "3": 137.0,
    "4": 139.0,
    "5": 51.0,
    "6": 62.0,
    "7": 81.0,
    "8": 126.0,
    "9": 145.0,
    "10": 123.0,
    "11": 85.0,
    "12": 126.0,
    "13": 67.0,
    "14": 54.0,
    "15": 119.0,
    "16": 103.0,
    "17": 109.0,
    "18": 142.0,
    "19": 118.0
  },
  "tau_max": 0.4,
  "base_capacity_factor": 1.2,
  "cap_fluctuation": 0.4,
  "base_capacity": {
    "0": 301.0,
    "1": 346.0,
    "2": 329.0,
    "3": 228.0,
    "4": 153.0,
    "5": 264.0,
    "6": 346.0,
    "7": 174.0,
    "8": 324.0,
    "9": 319.0
  },
  "customer_coords": {
    "0": [
      14.768468506498333,
      12.90158529076183
    ],
    "1": [
      17.521958207651767,
      49.19149620539693
    ],
    "2": [
      77.84573660708313,
      29.091810288424767
    ],
    "3": [
      37.12892069604965,
      79.33261490309468
    ],
    "4": [
      55.998512817453374,
      97.15608757335417
    ],
    "5": [
      7.570633959283968,
      0.778470956536037
    ],
    "6": [
      71.47712522425978,
      34.92905066486721
    ],
    "7": [
      52.52093326007684,
      2.6595164931872417
    ],
    "8": [
      32.06169514102254,
      84.19093410935959
    ],
    "9": [
      94.68404002715,
      4.2658640011923215
    ],
    "10": [
      20.334939984196374,
      36.68594358851072
    ],
    "11": [
      98.07295440103309,
      54.193009005154124
    ],
    "12": [
      59.55607830020993,
      71.47201280220337
    ],
    "13": [
      5.5521946449329285,
      9.82905433995256
    ],
    "14": [
      38.12164237145168,
      27.30756377921416
    ],
    "15": [
      46.2807882304083,
      20.028099752008345
    ],
    "16": [
      14.927261872856157,
      45.916117635065845
    ],
    "17": [
      66.63326829100848,
      14.424363375891659
    ],
    "18": [
      38.29920930394889,
      34.32775725701988
    ],
    "19": [
      39.9917210354554,
      42.78869378111623
    ]
  },
  "facility_coords": {
    "0": [
      75.17837519140164,
      46.21629789028647
    ],
    "1": [
      9.162606210339463,
      89.59107146174907
    ],
    "2": [
      18.866330318050096,
      32.213940970033086
    ],
    "3": [
      61.81270692807733,
      20.841548329557867
    ],
    "4": [
      18.52979032120715,
      79.77688683457566
    ],
    "5": [
      11.04707424338568,
      84.7826511775384
    ],
    "6": [
      99.62062399421535,
      82.30092535385216
    ],
    "7": [
      29.57564023647583,
      64.08452696816667
    ],
    "8": [
      37.63691179923122,
      24.267098518539477
    ],
    "9": [
      22.539119759388583,
      3.6984707363842406
    ]
  },
  "c": {
    "0,0": 20.54525452542163,
    "0,1": 23.46724287676127,
    "0,2": 6.127270446357596,
    "0,3": 13.219703810341857,
    "0,4": 19.057364055938333,
    "0,5": 21.013351695078896,
    "0,6": 35.94127832077133,
    "0,7": 16.29798930347337,
    "0,8": 8.269832759851136,
    "0,9": 3.4960726249018745,
    "1,0": 16.88913914494271,
    "1,1": 11.776155085077749,
    "1,2": 4.634458653834645,
    "1,3": 17.32074396903342,
    "1,4": 8.58654124616554,
    "1,5": 11.430474976422126,
    "1,6": 28.648554856383544,
    "1,7": 6.277353552218812,
    "1,8": 10.492757674721265,
    "1,9": 12.777321613117646,
    "2,0": 4.90757313792019,
    "2,1": 26.049390539785453,
    "2,2": 17.596483207671874,
    "2,3": 5.753440317577374,
    "2,4": 24.504237148415992,
    "2,5": 25.502197712324474,
    "2,6": 16.308322916306523,
    "2,7": 18.687130287104726,
    "2,8": 12.159449634803899,
    "2,9": 17.809514562361173,
    "3,0": 15.020767222698332,
    "3,1": 8.423226748067934,
    "3,2": 13.734529209903432,
    "3,3": 20.518369811898918,
    "3,4": 5.968928904048295,
    "3,5": 7.568187117904368,
    "3,6": 20.253094611692596,
    "3,7": 4.93647664541311,
    "3,8": 16.119132128637727,
    "3,9": 23.988500327069747,
    "4,0": 17.074348808039723,
    "4,1": 13.216983069271642,
    "4,2": 22.778809929023787,
    "4,3": 22.7672586782172,
    "4,4": 12.464399271495978,
    "4,5": 14.505689933130302,
    "4,6": 14.278215067727395,
    "4,7": 12.697808210853843,
    "4,8": 21.431142508681592,
    "4,9": 28.333923739790215,
    "5,0": 22.09335938631588,
    "5,1": 25.005446027555507,
    "5,2": 9.636522195089478,
    "5,3": 17.33345727770348,
    "5,4": 22.480641230263398,
    "5,5": 26.729327780532273,
    "5,6": 35.798108575887895,
    "5,7": 19.962583017687205,
    "5,8": 10.570812908300072,
    "5,9": 4.6827650805560825,
    "6,0": 3.8530196125818663,
    "6,1": 24.9298243911231,
    "6,2": 14.934742503934856,
    "6,3": 4.995375355508755,
    "6,4": 21.034247138367288,
    "6,5": 25.362956870302163,
    "6,6": 16.75352011266361,
    "6,7": 16.192349465933233,
    "6,8": 10.583247888703056,
    "6,9": 19.133350369336792,
    "7,0": 16.01595468028195,
    "7,1": 30.284432864527265,
    "7,2": 13.466497782136132,
    "7,3": 5.8047829707164205,
    "7,4": 23.390086348196245,
    "7,5": 29.777245702615378,
    "7,6": 28.304257073368635,
    "7,7": 19.579736396393006,
    "7,8": 7.600787257328962,
    "7,9": 8.937415924193974,
    "8,0": 17.988549696340186,
    "8,1": 7.008093635423009,
    "8,2": 15.07551125585204,
    "8,3": 22.477807033977165,
    "8,4": 4.340109239513014,
    "8,5": 6.0639813517684855,
    "8,6": 19.729728144161626,
    "8,7": 6.084523479368361,
    "8,8": 19.36237411236058,
    "8,9": 21.925731280489085,
    "9,0": 13.316503345451252,
    "9,1": 39.054777587113485,
    "9,2": 23.361088000020807,
    "9,3": 11.101765055678698,
    "9,4": 33.87370255584669,
    "9,5": 36.03518542974604,
    "9,6": 24.770163857914024,
    "9,7": 24.939667073598216,
    "9,8": 19.287350463341685,
    "9,9": 20.213629816262202,
    "10,0": 16.36666993498996,
    "10,1": 17.480964314375896,
    "10,2": 1.3944393559141688,
    "10,3": 12.689884847855629,
    "10,4": 13.31348546036011,
    "10,5": 14.581262498510272,
    "10,6": 26.452930332160683,
    "10,7": 9.080916217354325,
    "10,8": 6.9428190990260115,