{
  "config": {
    "n_customers": 20,
    "n_facilities": 10,
    "p_min": 20.0,
    "p_max": 80.0,
    "gamma": 0.3,
    "base_demand_min": 50,
    "base_demand_max": 150,
    "f_min": 500.0,
    "f_max": 1000.0,
    "c_min": 10.0,
    "c_max": 50.0,
    "tau_max": 0.4,
    "base_capacity_factor": 1.2,
    "cap_fluctuation": 0.4,
    "seed": 3653403230
  },
  "I": [
    0,
    1,
    2,
    3,
    4,
    5,
    6,
    7,
    8,
    9,
    10,
    11,
    12,
    13,
    14,
    15,
    16,
    17,
    18,
    19
  ],
  "J": [
    0,
    1,
    2,
    3,
    4,
    5,
    6,
    7,
    8,
    9
  ],
  "f": {
    "0": 727.9662576653599,
    "1": 657.9698492698624,
    "2": 513.258531591266,
    "3": 911.5709627658783,
    "4": 785.6004642852938,
    "5": 836.6657870074401,
    "6": 771.2200846188824,
    "7": 519.4130412526725,
    "8": 741.6326123478893,
    "9": 862.6217121945983
  },
  "a": {
    "0": 0.6416666666666667,
    "1": 1.3066666666666664,
    "2": 1.1666666666666667,
    "3": 0.8866666666666666,
    "4": 1.4,
    "5": 1.7033333333333331,
    "6": 1.4233333333333331,
    "7": 1.6216666666666666,
    "8": 1.5866666666666664,
    "9": 0.84,
    "10": 1.68,
    "11": 0.6416666666666667,
    "12": 0.8166666666666667,
    "13": 1.085,
    "14": 0.9683333333333333,
    "15": 1.5516666666666665,
    "16": 1.0616666666666665,
    "17": 1.3416666666666666,
    "18": 1.1083333333333334,
    "19": 0.6649999999999999
  },
  "b": {
    "0": 67.83333333333333,
    "1": 138.13333333333333,
    "2": 123.33333333333334,
    "3": 93.73333333333333,
    "4": 148.0,
    "5": 180.06666666666666,
    "6": 150.46666666666667,
    "7": 171.43333333333334,
    "8": 167.73333333333332,
    "9": 88.8,
    "10": 177.6,
    "11": 67.83333333333333,
    "12": 86.33333333333333,
    "13": 114.7,
    "14": 102.36666666666667,
    "15": 164.03333333333333,
    "16": 112.23333333333333,
    "17": 141.83333333333334,
    "18": 117.16666666666667,
    "19": 70.3
  },
  "base_demand": {
    "0": 55.0,
    "1": 112.0,
    "2": 100.0,
    "3": 76.0,
    "4": 120.0,
    "5": 146.0,
    "6": 122.0,
    "7": 139.0,
    "8": 136.0,
    "9": 72.0,
    "10": 144.0,
    "11": 55.0,
    "12": 70.0,
    "13": 93.0,
    "14": 83.0,
    "15": 133.0,
    "16": 91.0,
    "17": 115.0,
    "18": 95.0,
    "19": 57.0
  },
  "tau_max": 0.4,
  "base_capacity_factor": 1.2,
  "cap_fluctuation": 0.4,
  "base_capacity": {
    "0": 244.0,
    "1": 195.0,
    "2": 299.0,
    "3": 168.0,
    "4": 192.0,
    "5": 323.0,
    "6": 262.0,
    "7": 173.0,
    "8": 192.0,
    "9": 293.0
  },
  "customer_coords": {
    "0": [
      57.36478947542268,
      89.48088231986547
    ],
    "1": [
      83.76805655990857,
      63.28190885767603
    ],
    "2": [
      89.204328712676,
      35.66559758466723
    ],
    "3": [
      0.003049500031260255,
      58.364433299820284
    ],
    "4": [
      96.93144818523473,
      57.768787932589426
    ],
    "5": [
      45.65866127849642,
      89.64708420301083
    ],
    "6": [
      96.7771959261353,
      1.1342803722783512
    ],
    "7": [
      57.60485867641406,
      15.428899528606744
    ],
    "8": [
      98.48523769467678,
      9.653176511522965
    ],
    "9": [
      32.22340170164459,
      71.06956586563318
    ],
    "10": [
      85.21896894024871,
      72.47824261199573
    ],
    "11": [
      46.74918515998836,
      15.65086587048764
    ],
    "12": [
      16.946937095171897,
      45.3428501130963
    ],
    "13": [
      19.693363954298647,
      20.241925743497656
    ],
    "14": [
      93.53407881172349,
      70.27861209025991
    ],
    "15": [
      38.06396329275793,
      12.320959886251504
    ],
    "16": [
      11.944928364694462,
      50.427614405540886
    ],
    "17": [
      23.079507565507306,
      48.431805984303665
    ],
    "18": [
      13.29101049687157,
      2.648388004617175
    ],
    "19": [
      47.57597221435208,
      3.9347264801235515
    ]
  },
  "facility_coords": {
    "0": [
      74.12809652059113,
      99.45890149383115
    ],
    "1": [
      45.42675291289734,
      28.349594897024666
    ],
    "2": [
      62.867515923480674,
      76.15044975701095
    ],
    "3": [
      8.772968800267789,
      5.232299351082903
    ],
    "4": [
      95.38103392643217,
      27.978011028579665
    ],
    "5": [
      4.139943960251791,
      75.5565307148406
    ],
    "6": [
      86.4296596907422,
      18.442569777177965
    ],
    "7": [
      28.32951002752634,
      72.56397873674902
    ],
    "8": [
      59.821684555981946,
      28.891461945982797
    ],
    "9": [
      81.80041389254728,
      20.53622307523486
    ]
  },
  "c": {
    "0,0": 5.98901856764604,
    "0,1": 16.96479030414489,
    "0,2": 4.270918555263427,
    "0,3": 27.210691855502578,
    "0,4": 22.765350081317347,
    "0,5": 16.298213655857513,
    "0,6": 23.422900571006053,
    "0,7": 9.679360630178067,
    "0,8": 18.057993718118993,
    "0,9": 20.166062418061905,
    "1,0": 11.93586722415542,
    "1,1": 14.158022076820309,
    "1,2": 7.999508265031844,
    "1,3": 26.963711289539056,
    "1,4": 11.889636197030356,
    "1,5": 25.31361157534977,
    "1,6": 13.66728329807045,
    "1,7": 15.777386682062534,
    "1,8": 13.575939563062121,
    "1,9": 12.603373921147275,
    "2,0": 21.100765550893325,
    "2,1": 12.051763712680764,
    "2,2": 15.137942350351448,
    "2,3": 26.911951727464416,
    "2,4": 2.801075752721046,
    "2,5": 26.760783580961032,
    "2,6": 5.212062788723878,
    "2,7": 19.819568657545126,
    "2,8": 9.192528991289384,
    "2,9": 5.39192486866005,
    "3,0": 25.472001213190342,
    "3,1": 16.22184743469395,
    "3,2": 18.479533104572084,
    "3,3": 16.494537625635502,
    "3,4": 29.76865711582606,
    "3,5": 4.809163028646077,
    "3,6": 26.71590263230534,
    "3,7": 10.431659587916522,
    "3,8": 18.191200044885747,
    "3,9": 24.66344097023726,
    "4,0": 13.562275398029655,
    "4,1": 17.05359885371056,
    "4,2": 10.808841498081131,
    "4,3": 28.58114201986409,
    "4,4": 9.288324215871832,
    "4,5": 25.968337608101525,
    "4,6": 11.219307964207628,
    "4,7": 21.743223721697774,
    "4,8": 13.130454345124013,
    "4,9": 12.852695990994008,
    "5,0": 9.066803822520018,
    "5,1": 19.255818952710655,
    "5,2": 6.156775987332204,
    "5,3": 25.886818212450716,
    "5,4": 21.50643107464585,
    "5,5": 12.138067513818578,
    "5,6": 22.922429549603937,
    "5,7": 7.094158496182959,
    "5,8": 17.637154630209757,
    "5,9": 21.89132456450972,
    "6,0": 31.389288396299154,
    "6,1": 18.18734409190331,
    "6,2": 24.09754254044797,
    "6,3": 25.840114998468145,
    "6,4": 8.03262354362786,
    "6,5": 38.58445581374774,
    "6,6": 5.841434897983876,
    "6,7": 32.406134311358294,
    "6,8": 13.096555290766185,
    "6,9": 7.767687536747055,
    "7,0": 26.64145326635494,
    "7,1": 5.224751353769257,
    "7,2": 19.241562123568137,
    "7,3": 15.199167042592961,
    "7,4": 12.183211731232161,
    "7,5": 22.42113804510063,
    "7,6": 9.321743496254724,
    "7,7": 21.11933987698736,
    "7,8": 4.163839227305557,
    "7,9": 6.9515816298881425,
    "8,0": 27.299411623927735,
    "8,1": 17.69614589013103,
    "8,2": 23.688206325105153,
    "8,3": 26.712400488168157,
    "8,4": 5.429160815225405,
    "8,5": 36.62797118985817,
    "8,6": 4.173721591767252,
    "8,7": 28.654943765986577,
    "8,8": 13.328636388867501,
    "8,9": 5.775547397697246,
    "9,0": 16.23993003728145,
    "9,1": 12.429053917456715,
    "9,2": 8.579375561265172,
    "9,3": 22.343047328807273,
    "9,4": 23.690996096389327,
    "9,5": 8.788520054878436,
    "9,6": 22.80918537857655,
    "9,7": 1.307727585582188,
    "9,8": 14.269371225396206,
    "9,9": 21.031498391366277,
    "10,0": 9.464720144825893,
    "10,1": 16.07788503992828,
    "10,2": 7.1022699827667,
    "10,3": 28.486532567046723,
    "10,4": 14.454004970647496,
    "10,5": 24.289594145700814,
    "10,6": 15.116367956332132,
    "10,7": 16.643564810550238,