{
  "config": {
    "n_customers": 20,
    "n_facilities": 10,
    "p_min": 20.0,
    "p_max": 80.0,
    "gamma": 0.3,
    "base_demand_min": 50,
    "base_demand_max": 150,
    "f_min": 500.0,
    "f_max": 1000.0,
    "c_min": 10.0,
    "c_max": 50.0,
    "tau_max": 0.4,
    "base_capacity_factor": 1.2,
    "cap_fluctuation": 0.4,
    "seed": 323153948
  },
  "I": [
    0,
    1,
    2,
    3,
    4,
    5,
    6,
    7,
    8,
    9,
    10,
    11,
    12,
    13,
    14,
    15,
    16,
    17,
    18,
    19
  ],
  "J": [
    0,
    1,
    2,
    3,
    4,
    5,
    6,
    7,
    8,
    9
  ],
  "f": {
    "0": 847.4852231584468,
    "1": 751.3939613673906,
    "2": 773.2190598231829,
    "3": 846.530631715554,
    "4": 760.7737851401699,
    "5": 550.2672312538004,
    "6": 666.1540529392478,
    "7": 709.0720289517392,
    "8": 786.0972416452319,
    "9": 934.278581334598
  },
  "a": {
    "0": 0.945,
    "1": 1.6683333333333332,
    "2": 1.353333333333333,
    "3": 1.5166666666666666,
    "4": 1.1083333333333334,
    "5": 1.3883333333333332,
    "6": 1.085,
    "7": 0.8283333333333333,
    "8": 1.353333333333333,
    "9": 1.2833333333333334,
    "10": 0.945,
    "11": 0.8866666666666666,
    "12": 1.0616666666666665,
    "13": 1.4816666666666665,
    "14": 1.2366666666666666,
    "15": 0.6416666666666667,
    "16": 1.5516666666666665,
    "17": 1.2016666666666667,
    "18": 1.26,
    "19": 0.7699999999999999
  },
  "b": {
    "0": 99.9,
    "1": 176.36666666666667,
    "2": 143.06666666666666,
    "3": 160.33333333333334,
    "4": 117.16666666666667,
    "5": 146.76666666666665,
    "6": 114.7,
    "7": 87.56666666666666,
    "8": 143.06666666666666,
    "9": 135.66666666666666,
    "10": 99.9,
    "11": 93.73333333333333,
    "12": 112.23333333333333,
    "13": 156.63333333333333,
    "14": 130.73333333333332,
    "15": 67.83333333333333,
    "16": 164.03333333333333,
    "17": 127.03333333333333,
    "18": 133.2,
    "19": 81.4
  },
  "base_demand": {
    "0": 81.0,
    "1": 143.0,
    "2": 116.0,
    "3": 130.0,
    "4": 95.0,
    "5": 119.0,
    "6": 93.0,
    "7": 71.0,
    "8": 116.0,
    "9": 110.0,
    "10": 81.0,
    "11": 76.0,
    "12": 91.0,
    "13": 127.0,
    "14": 106.0,
    "15": 55.0,
    "16": 133.0,
    "17": 103.0,
    "18": 108.0,
    "19": 66.0
  },
  "tau_max": 0.4,
  "base_capacity_factor": 1.2,
  "cap_fluctuation": 0.4,
  "base_capacity": {
    "0": 196.0,
    "1": 178.0,
    "2": 194.0,
    "3": 189.0,
    "4": 226.0,
    "5": 263.0,
    "6": 246.0,
    "7": 324.0,
    "8": 308.0,
    "9": 308.0
  },
  "customer_coords": {
    "0": [
      44.444806662753,
      48.16061730915242
    ],
    "1": [
      26.04022416238294,
      63.0632141577371
    ],
    "2": [
      31.091069161296637,
      25.847877370735183
    ],
    "3": [
      72.93237244144292,
      78.7806008658546
    ],
    "4": [
      7.051160253494548,
      27.553939463333155
    ],
    "5": [
      9.277182100565174,
      30.06121759956012
    ],
    "6": [
      17.58055333560581,
      79.68662060202064
    ],
    "7": [
      46.46660008939426,
      9.147491238926786
    ],
    "8": [
      18.374645331360252,
      63.50068500133526
    ],
    "9": [
      98.61196092275338,
      45.28882543990612
    ],
    "10": [
      7.848931759659006,
      24.76400948711468
    ],
    "11": [
      72.36580564731098,
      25.716961299673148
    ],
    "12": [
      49.370553222628885,
      25.463492188909786
    ],
    "13": [
      9.669212452298092,
      32.357176994606704
    ],
    "14": [
      34.01192975421027,
      87.80315415525048
    ],
    "15": [
      84.84945895492122,
      42.20462842945374
    ],
    "16": [
      85.92674628433123,
      11.420523459681831
    ],
    "17": [
      11.649746652531112,
      16.44411994797722
    ],
    "18": [
      87.76228210135665,
      87.91372765566578
    ],
    "19": [
      50.76311217897287,
      9.881614261815308
    ]
  },
  "facility_coords": {
    "0": [
      3.3874718236255985,
      10.89009889145286
    ],
    "1": [
      13.583483804462915,
      41.308898384574164
    ],
    "2": [
      60.179061236688725,
      26.106392818000522
    ],
    "3": [
      38.77629526795793,
      27.42854287856964
    ],
    "4": [
      92.8853059032374,
      31.700101080941756
    ],
    "5": [
      63.72465695382693,
      6.057070114676188
    ],
    "6": [
      34.52209900054392,
      83.7723595024482
    ],
    "7": [
      69.37768702732498,
      82.63055358411341
    ],
    "8": [
      79.81413624593334,
      66.18304487204733
    ],
    "9": [
      33.03634836514432,
      74.73289828664035
    ]
  },
  "c": {
    "0,0": 17.781908312749813,
    "0,1": 8.964180715264957,
    "0,2": 8.502954028406444,
    "0,3": 6.7104555497686205,
    "0,4": 14.830563580869466,
    "0,5": 13.799595849027916,
    "0,6": 10.598792708509041,
    "0,7": 12.711518225132853,
    "0,8": 11.38393253721462,
    "0,9": 9.400324876533096,
    "1,0": 16.90490650004362,
    "1,1": 7.767665654331833,
    "1,2": 16.18337483454739,
    "1,3": 11.564899643235911,
    "1,4": 20.07075570953004,
    "1,5": 20.71744310347164,
    "1,6": 7.305814069373122,
    "1,7": 14.511010120486535,
    "1,8": 16.424287425288394,
    "1,9": 4.028795380561467,
    "2,0": 10.051269803223308,
    "2,1": 6.580389237303002,
    "2,2": 8.921595375682395,
    "2,3": 2.3312277284986456,
    "2,4": 20.34383148508522,
    "2,5": 10.628016571257481,
    "2,6": 18.227022594702,
    "2,7": 20.134506166188377,
    "2,8": 17.23465665265877,
    "2,9": 15.021473663005715,
    "3,0": 27.41823063856745,
    "3,1": 22.28976506725818,
    "3,2": 16.68073647710171,
    "3,3": 17.920887904658603,
    "3,4": 15.996309889878416,
    "3,5": 19.934688992711376,
    "3,6": 10.946153730720923,
    "3,7": 1.5751572085023942,
    "3,8": 4.125295064016525,
    "3,9": 11.242157054147654,
    "4,0": 4.766755028122007,
    "4,1": 4.564885548283518,
    "4,2": 15.107884879377654,
    "4,3": 8.88438280756448,
    "4,4": 26.33355039645637,
    "4,5": 16.45140056740019,
    "4,6": 18.455590003730244,
    "4,7": 22.922397435860034,
    "4,8": 24.360767510701248,
    "4,9": 14.816426644693658,
    "5,0": 6.246199428176951,
    "5,1": 3.4526313636169594,
    "5,2": 14.275267478207462,
    "5,3": 8.52756078672604,
    "5,4": 24.36903296041014,
    "5,5": 19.418512247079075,
    "5,6": 18.560766214714192,
    "5,7": 23.289786326037724,
    "5,8": 22.25101504701978,
    "5,9": 15.845780729749972,
    "6,0": 21.089213397945088,
    "6,1": 11.32887456087177,
    "6,2": 18.882869830910764,
    "6,3": 18.198006268306838,
    "6,4": 25.88662044864519,
    "6,5": 25.899343411452282,
    "6,6": 5.630132174101568,
    "6,7": 16.422641530142446,
    "6,8": 18.024168918732542,
    "6,9": 4.991680371492566,
    "7,0": 13.506173526332804,
    "7,1": 13.939721889287451,
    "7,2": 6.386229220658077,
    "7,3": 5.699282304555942,
    "7,4": 16.92445068560515,
    "7,5": 5.235034189862152,
    "7,6": 22.59387550433348,
    "7,7": 21.47770080244641,
    "7,8": 18.19014003533374,
    "7,9": 21.45234260739153,
    "8,0": 16.872341563427316,
    "8,1": 6.825050016684811,
    "8,2": 16.174929201520555,
    "8,3": 12.681838679463167,
    "8,4": 22.04926714233287,
    "8,5": 23.438548872619887,
    "8,6": 8.055077238077017,
    "8,7": 16.75182334498702,
    "8,8": 19.0491961176133,
    "8,9": 5.034851646037721,
    "9,0": 28.690389149932745,
    "9,1": 24.008741390426326,
    "9,2": 13.663475579823546,
    "9,3": 18.820111156176555,
    "9,4": 4.564534157178639,
    "9,5": 16.05544851351239,
    "9,6": 24.46175880568196,
    "9,7": 15.053246595563408,
    "9,8": 9.039057560789137,
    "9,9": 21.550551700842025,
    "10,0": 4.336760318411939,
    "10,1": 4.796705465738238,
    "10,2": 14.742235017512455,
    "10,3": 8.394483257782314,
    "10,4": 25.080118201823968,
    "10,5": 18.38402485830649,
    "10,6": 19.686952339047647,
    "10,7": 27.047483466725087,