{
  "config": {
    "n_customers": 20,
    "n_facilities": 5,
    "p_min": 20.0,
    "p_max": 80.0,
    "gamma": 0.3,
    "base_demand_min": 50,
    "base_demand_max": 150,
    "f_min": 500.0,
    "f_max": 1000.0,
    "c_min": 10.0,
    "c_max": 50.0,
    "tau_max": 0.4,
    "base_capacity_factor": 1.2,
    "cap_fluctuation": 0.2,
    "seed": 2163061374
  },
  "I": [
    0,
    1,
    2,
    3,
    4,
    5,
    6,
    7,
    8,
    9,
    10,
    11,
    12,
    13,
    14,
    15,
    16,
    17,
    18,
    19
  ],
  "J": [
    0,
    1,
    2,
    3,
    4
  ],
  "f": {
    "0": 516.4862951619778,
    "1": 759.7561392035495,
    "2": 688.0332483607215,
    "3": 927.487031807264,
    "4": 879.3694622313925
  },
  "a": {
    "0": 0.7349999999999999,
    "1": 0.945,
    "2": 1.4816666666666665,
    "3": 1.0033333333333332,
    "4": 1.68,
    "5": 1.1783333333333332,
    "6": 0.8049999999999999,
    "7": 1.5983333333333332,
    "8": 0.63,
    "9": 0.5833333333333334,
    "10": 1.0733333333333333,
    "11": 0.9333333333333333,
    "12": 0.8049999999999999,
    "13": 1.6216666666666666,
    "14": 0.9099999999999999,
    "15": 0.9566666666666667,
    "16": 0.7583333333333333,
    "17": 1.2016666666666667,
    "18": 0.7933333333333332,
    "19": 1.4816666666666665
  },
  "b": {
    "0": 77.7,
    "1": 99.9,
    "2": 156.63333333333333,
    "3": 106.06666666666666,
    "4": 177.6,
    "5": 124.56666666666666,
    "6": 85.1,
    "7": 168.96666666666667,
    "8": 66.6,
    "9": 61.66666666666667,
    "10": 113.46666666666667,
    "11": 98.66666666666667,
    "12": 85.1,
    "13": 171.43333333333334,
    "14": 96.2,
    "15": 101.13333333333333,
    "16": 80.16666666666667,
    "17": 127.03333333333333,
    "18": 83.86666666666666,
    "19": 156.63333333333333
  },
  "base_demand": {
    "0": 63.0,
    "1": 81.0,
    "2": 127.0,
    "3": 86.0,
    "4": 144.0,
    "5": 101.0,
    "6": 69.0,
    "7": 137.0,
    "8": 54.0,
    "9": 50.0,
    "10": 92.0,
    "11": 80.0,
    "12": 69.0,
    "13": 139.0,
    "14": 78.0,
    "15": 82.0,
    "16": 65.0,
    "17": 103.0,
    "18": 68.0,
    "19": 127.0
  },
  "tau_max": 0.4,
  "base_capacity_factor": 1.2,
  "cap_fluctuation": 0.2,
  "base_capacity": {
    "0": 445.0,
    "1": 465.0,
    "2": 416.0,
    "3": 484.0,
    "4": 348.0
  },
  "customer_coords": {
    "0": [
      42.83102748821058,
      98.40819918204507
    ],
    "1": [
      68.0081965836279,
      11.17619873997996
    ],
    "2": [
      77.53806294801895,
      14.768468506498333
    ],
    "3": [
      12.90158529076183,
      17.521958207651767
    ],
    "4": [
      49.19149620539693,
      77.84573660708313
    ],
    "5": [
      29.091810288424767,
      37.12892069604965
    ],
    "6": [
      79.33261490309468,
      55.998512817453374
    ],
    "7": [
      97.15608757335417,
      7.570633959283968
    ],
    "8": [
      0.778470956536037,
      71.47712522425978
    ],
    "9": [
      34.92905066486721,
      52.52093326007684
    ],
    "10": [
      2.6595164931872417,
      32.06169514102254
    ],
    "11": [
      84.19093410935959,
      94.68404002715
    ],
    "12": [
      4.2658640011923215,
      20.334939984196374
    ],
    "13": [
      36.68594358851072,
      98.07295440103309
    ],
    "14": [
      54.193009005154124,
      59.55607830020993
    ],
    "15": [
      71.47201280220337,
      5.5521946449329285
    ],
    "16": [
      9.82905433995256,
      38.12164237145168
    ],
    "17": [
      27.30756377921416,
      46.2807882304083
    ],
    "18": [
      20.028099752008345,
      14.927261872856157
    ],
    "19": [
      45.916117635065845,
      66.63326829100848
    ]
  },
  "facility_coords": {
    "0": [
      14.424363375891659,
      38.29920930394889
    ],
    "1": [
      34.32775725701988,
      39.9917210354554
    ],
    "2": [
      42.78869378111623,
      75.17837519140164
    ],
    "3": [
      46.21629789028647,
      9.162606210339463
    ],
    "4": [
      89.59107146174907,
      18.866330318050096
    ]
  },
  "c": {
    "0,0": 19.23550457256614,
    "0,1": 18.128031742210634,
    "0,2": 6.562550674493119,
    "0,3": 25.10657410839389,
    "0,4": 29.32891842417807,
    "1,0": 16.61355836816544,
    "1,1": 14.222547117814484,
    "1,2": 22.685611651336874,
    "1,3": 6.989557191535543,
    "1,4": 6.592815131289869,
    "2,0": 20.776473762940043,
    "2,1": 14.63888506675228,
    "2,2": 19.83137068540533,
    "2,3": 9.021566550578468,
    "2,4": 3.4655048662743737,
    "3,0": 6.204327262940469,
    "3,1": 9.475476098797055,
    "3,2": 20.155626273451663,
    "3,3": 9.517238931274186,
    "3,4": 21.822966846704865,
    "4,0": 15.372679098694086,
    "4,1": 13.33397806108568,
    "4,2": 2.1216624626434637,
    "4,3": 22.262978717633935,
    "4,4": 20.749908793635377,
    "5,0": 4.304423072219295,
    "5,1": 1.703388973945325,
    "5,2": 11.004592393988204,
    "5,3": 10.801047089340079,
    "5,4": 17.731903682122873,
    "6,0": 21.25816057658493,
    "6,1": 15.45854706223197,
    "6,2": 13.521876695318888,
    "6,3": 18.79177192606677,
    "6,4": 10.754542027628798,
    "7,0": 24.990702160272576,
    "7,1": 20.12150541580367,
    "7,2": 25.847458168268883,
    "7,3": 16.261913654400292,
    "7,4": 4.269763747313448,
    "8,0": 10.519666381683061,
    "8,1": 13.051152578809248,
    "8,2": 13.218672479719054,
    "8,3": 23.155956271933352,
    "8,4": 30.208273862932437,
    "9,0": 7.430778867989879,
    "9,1": 3.546942646797116,
    "9,2": 6.517993822945002,
    "9,3": 14.480210460416378,
    "9,4": 20.594843198073587,
    "10,0": 3.7822468360082753,
    "10,1": 10.568416808483642,
    "10,2": 17.087469461808286,
    "10,3": 14.404268538842242,
    "10,4": 27.382658585313372,
    "11,0": 28.138763210656563,
    "11,1": 20.618422710547367,
    "11,2": 13.935851692853403,
    "11,3": 27.8355152004713,
    "11,4": 22.938167621161522,
    "12,0": 6.420874406758572,
    "12,1": 11.128944448216725,
    "12,2": 20.10402669731044,
    "12,3": 12.377684325051465,
    "12,4": 24.358203996442597,
    "13,0": 17.299921292074686,
    "13,1": 16.363784738875285,
    "13,2": 6.835479773149459,
    "13,3": 26.800183099193386,
    "13,4": 26.848368809941512,
    "14,0": 14.33596503652171,
    "14,1": 8.117402253405118,
    "14,2": 5.761096034952846,
    "14,3": 14.135815360139192,
    "14,4": 16.56007147088713,
    "15,0": 21.336311272009468,
    "15,1": 15.234125955308828,
    "15,2": 21.34801182127122,
    "15,3": 7.459922869259498,
    "15,4": 6.81599562916815,
    "16,0": 1.4888619280237685,
    "16,1": 7.470489991434486,
    "16,2": 15.731429543016832,
    "16,3": 13.871646801135423,
    "16,4": 27.042966022381492,
    "17,0": 4.943771735758355,
    "17,1": 2.938290868566732,
    "17,2": 9.856657288858468,
    "17,3": 11.842547195151031,
    "17,4": 18.88661185503529,
    "18,0": 7.778960395591687,
    "18,1": 8.827389324526711,
    "18,2": 19.232198853630738,
    "18,3": 7.768045251488132,
    "18,4": 20.75710431371958,
    "19,0": 13.263041902737758,
    "19,1": 8.653994575819956,
    "19,2": 2.5580706829987285,
    "19,3": 18.458007534760817,
    "19,4": 19.735564784664216
  }
}