{
  "config": {
    "n_customers": 5,
    "n_facilities": 5,
    "p_min": 20.0,
    "p_max": 80.0,
    "gamma": 0.3,
    "base_demand_min": 50,
    "base_demand_max": 150,
    "f_min": 500.0,
    "f_max": 1000.0,
    "c_min": 10.0,
    "c_max": 50.0,
    "tau_max": 0.4,
    "base_capacity_factor": 1.2,
    "cap_fluctuation": 0.2,
    "seed": 752767290
  },
  "I": [
    0,
    1,
    2,
    3,
    4
  ],
  "J": [
    0,
    1,
    2,
    3,
    4
  ],
  "f": {
    "0": 582.1808131581419,
    "1": 836.4073984826406,
    "2": 761.6350565102963,
    "3": 996.6210249894151,
    "4": 950.842258398236
  },
  "a": {
    "0": 1.1666666666666667,
    "1": 1.6216666666666666,
    "2": 0.9099999999999999,
    "3": 1.155,
    "4": 0.8633333333333333
  },
  "b": {
    "0": 123.33333333333334,
    "1": 171.43333333333334,
    "2": 96.2,
    "3": 122.1,
    "4": 91.26666666666667
  },
  "base_demand": {
    "0": 100.0,
    "1": 139.0,
    "2": 78.0,
    "3": 99.0,
    "4": 74.0
  },
  "tau_max": 0.4,
  "base_capacity_factor": 1.2,
  "cap_fluctuation": 0.2,
  "base_capacity": {
    "0": 98.0,
    "1": 115.0,
    "2": 113.0,
    "3": 97.0,
    "4": 103.0
  },
  "customer_coords": {
    "0": [
      81.4776108767829,
      85.46981174223956
    ],
    "1": [
      50.44243177128243,
      43.26847102197109
    ],
    "2": [
      86.3390532964893,
      32.692711222994845
    ],
    "3": [
      48.65169809354371,
      17.631707858265276
    ],
    "4": [
      1.1689234662281889,
      2.950602423417592
    ]
  },
  "facility_coords": {
    "0": [
      15.795223963519023,
      73.7420796195692
    ],
    "1": [
      88.17577221014812,
      14.061286330424883
    ],
    "2": [
      30.145309068820126,
      22.27397133360045
    ],
    "3": [
      91.06967051652106,
      26.698056098458743
    ],
    "4": [
      24.6169274580339,
      55.894573654408454
    ]
  },
  "c": {
    "0,0": 21.182212988038696,
    "0,1": 23.59033737262643,
    "0,2": 25.581220183930665,
    "0,3": 18.057633439442224,
    "0,4": 18.15414992699791,
    "1,0": 13.911403364081215,
    "1,1": 13.385654676966682,
    "1,2": 8.904142147388296,
    "1,3": 12.60902523290528,
    "1,4": 9.373440892477658,
    "2,0": 26.1504794659304,
    "2,1": 5.235716640477767,
    "2,2": 15.799103277908092,
    "2,3": 2.1307150105146984,
    "2,4": 18.920434065151582,
    "3,0": 18.82389207808127,
    "3,1": 12.497511933600427,
    "3,2": 5.413653386925165,
    "3,3": 13.558540146646724,
    "3,4": 14.126948786930555,
    "4,0": 19.929444626812785,
    "4,1": 26.456183610636526,
    "4,2": 10.760695931387069,
    "4,3": 27.557947906168703,
    "4,4": 17.204581010638723
  }
}