{
  "config": {
    "n_customers": 5,
    "n_facilities": 10,
    "p_min": 20.0,
    "p_max": 80.0,
    "gamma": 0.3,
    "base_demand_min": 50,
    "base_demand_max": 150,
    "f_min": 500.0,
    "f_max": 1000.0,
    "c_min": 10.0,
    "c_max": 50.0,
    "tau_max": 0.4,
    "base_capacity_factor": 1.2,
    "cap_fluctuation": 0.2,
    "seed": 2715582398
  },
  "I": [
    0,
    1,
    2,
    3,
    4
  ],
  "J": [
    0,
    1,
    2,
    3,
    4,
    5,
    6,
    7,
    8,
    9
  ],
  "f": {
    "0": 920.0770871043676,
    "1": 555.1799000370161,
    "2": 759.4312859863331,
    "3": 628.9039663701503,
    "4": 744.520036329126,
    "5": 951.1175442163919,
    "6": 616.0713353493743,
    "7": 817.0031638203166,
    "8": 901.4683491888285,
    "9": 642.0606904277943
  },
  "a": {
    "0": 1.0966666666666667,
    "1": 1.7266666666666666,
    "2": 1.1316666666666666,
    "3": 0.6533333333333332,
    "4": 1.5516666666666665
  },
  "b": {
    "0": 115.93333333333334,
    "1": 182.53333333333333,
    "2": 119.63333333333333,
    "3": 69.06666666666666,
    "4": 164.03333333333333
  },
  "base_demand": {
    "0": 94.0,
    "1": 148.0,
    "2": 97.0,
    "3": 56.0,
    "4": 133.0
  },
  "tau_max": 0.4,
  "base_capacity_factor": 1.2,
  "cap_fluctuation": 0.2,
  "base_capacity": {
    "0": 69.0,
    "1": 51.0,
    "2": 64.0,
    "3": 76.0,
    "4": 68.0,
    "5": 62.0,
    "6": 54.0,
    "7": 58.0,
    "8": 50.0,
    "9": 56.0
  },
  "customer_coords": {
    "0": [
      21.04456210953093,
      50.6950412515504
    ],
    "1": [
      43.10070280314571,
      77.57087949994379
    ],
    "2": [
      25.434301632653124,
      38.64132712550264
    ],
    "3": [
      34.63825157253934,
      22.6557666029491
    ],
    "4": [
      25.301581856325996,
      89.94604669178176
    ]
  },
  "facility_coords": {
    "0": [
      0.008601272612596134,
      34.850520099814815
    ],
    "1": [
      50.015621402203045,
      48.81986114094327
    ],
    "2": [
      45.23199096758284,
      20.213070110175913
    ],
    "3": [
      56.824970505738506,
      47.77531152926111
    ],
    "4": [
      79.60006261795402,
      95.65419534079544
    ],
    "5": [
      71.11906528089598,
      55.365882568854
    ],
    "6": [
      50.18149932463373,
      6.452973829501973
    ],
    "7": [
      83.41374818979249,
      62.93082946337747
    ],
    "8": [
      24.9917818991498,
      47.1683631908273
    ],
    "9": [
      46.21586761954951,
      65.50916966855534
    ]
  },
  "c": {
    "0,0": 8.043629406778168,
    "0,1": 8.648842535699185,
    "0,2": 10.788569983565194,
    "0,3": 10.610873748323504,
    "0,4": 24.054512350479964,
    "0,5": 15.388020616137439,
    "0,6": 17.02764966907619,
    "0,7": 18.62869420206966,
    "0,8": 1.4486464160139474,
    "0,9": 8.382740556202563,
    "1,0": 16.694329787151197,
    "1,1": 8.61725910680683,
    "1,2": 18.9012302006836,
    "1,3": 9.93057904395537,
    "1,4": 13.00543612540577,
    "1,5": 11.446903859591144,
    "1,6": 20.366635030230277,
    "1,7": 13.52397217541609,
    "1,8": 10.674167060829115,
    "1,9": 3.7286120973089485,
    "2,0": 8.063256966443722,
    "2,1": 8.676534258284423,
    "2,2": 7.736737666275929,
    "2,3": 10.432036036652963,
    "2,4": 24.9814935267434,
    "2,5": 14.091722111437734,
    "2,6": 11.640479913615252,
    "2,7": 20.020794771621485,
    "2,8": 2.4129351213500247,
    "2,9": 9.240380957841694,
    "3,0": 10.145955475623081,
    "3,1": 8.447922152823955,
    "3,2": 3.197423051748197,
    "3,3": 10.801951206195934,
    "3,4": 27.46268280837669,
    "3,5": 14.129683701733997,
    "3,6": 7.025072586521437,
    "3,7": 17.607978488099413,
    "3,8": 7.832454275144288,
    "3,9": 13.323482972071625,
    "4,0": 19.521580313108487,
    "4,1": 14.9131656170532,
    "4,2": 20.243638609920147,
    "4,3": 17.18584365081769,
    "4,4": 17.18924707647018,
    "4,5": 16.295697932389277,
    "4,6": 26.92901895531303,
    "4,7": 19.98218611697857,
    "4,8": 12.136511733284287,
    "4,9": 9.839507104017166
  }
}