{
  "config": {
    "n_customers": 5,
    "n_facilities": 5,
    "p_min": 20.0,
    "p_max": 80.0,
    "gamma": 0.3,
    "base_demand_min": 50,
    "base_demand_max": 150,
    "f_min": 500.0,
    "f_max": 1000.0,
    "c_min": 10.0,
    "c_max": 50.0,
    "tau_max": 0.4,
    "base_capacity_factor": 1.2,
    "cap_fluctuation": 0.2,
    "seed": 1322117303
  },
  "I": [
    0,
    1,
    2,
    3,
    4
  ],
  "J": [
    0,
    1,
    2,
    3,
    4
  ],
  "f": {
    "0": 832.3340134119396,
    "1": 717.6669632028005,
    "2": 532.1994852663306,
    "3": 868.6180450210001,
    "4": 891.7565307641673
  },
  "a": {
    "0": 0.9683333333333333,
    "1": 1.5866666666666664,
    "2": 1.528333333333333,
    "3": 1.19,
    "4": 0.8516666666666666
  },
  "b": {
    "0": 102.36666666666667,
    "1": 167.73333333333332,
    "2": 161.56666666666666,
    "3": 125.8,
    "4": 90.03333333333333
  },
  "base_demand": {
    "0": 83.0,
    "1": 136.0,
    "2": 131.0,
    "3": 102.0,
    "4": 73.0
  },
  "tau_max": 0.4,
  "base_capacity_factor": 1.2,
  "cap_fluctuation": 0.2,
  "base_capacity": {
    "0": 105.0,
    "1": 140.0,
    "2": 127.0,
    "3": 151.0,
    "4": 129.0
  },
  "customer_coords": {
    "0": [
      2.006567152292116,
      22.490539489129468
    ],
    "1": [
      56.27352357513467,
      4.091107125463056
    ],
    "2": [
      19.761983513322,
      22.572253646041418
    ],
    "3": [
      91.45641628311148,
      59.66253543164194
    ],
    "4": [
      51.53500777657543,
      74.40875414093615
    ]
  },
  "facility_coords": {
    "0": [
      64.68614395741254,
      77.07193896892538
    ],
    "1": [
      40.66442749532373,
      97.01375184431545
    ],
    "2": [
      31.195905279531978,
      92.1742714081777
    ],
    "3": [
      74.48869815538248,
      96.88678959234936
    ],
    "4": [
      79.9409864352421,
      51.007145253403465
    ]
  },
  "c": {
    "0,0": 26.98535933863505,
    "0,1": 27.643994096213486,
    "0,2": 23.12252210910188,
    "0,3": 28.718188876884497,
    "0,4": 24.021159205693447,
    "1,0": 23.408842815200984,
    "1,1": 28.105368223739344,
    "1,2": 26.578771528825875,
    "1,3": 29.18954648455957,
    "1,4": 16.059330751601674,
    "2,0": 20.08583508681162,
    "2,1": 21.534538024752848,
    "2,2": 21.985035052425424,
    "2,3": 29.935298205061244,
    "2,4": 18.257370229333016,
    "3,0": 10.417878498285667,
    "3,1": 18.02438419283212,
    "3,2": 22.06024431453187,
    "3,3": 11.825697431536375,
    "3,4": 4.727907350177077,
    "4,0": 4.415713571726047,
    "4,1": 7.9537168610461535,
    "4,2": 8.03679910992757,
    "4,3": 10.21583893509449,
    "4,4": 10.215052863118956
  }
}