{
  "config": {
    "n_customers": 5,
    "n_facilities": 5,
    "p_min": 20.0,
    "p_max": 80.0,
    "gamma": 0.3,
    "base_demand_min": 50,
    "base_demand_max": 150,
    "f_min": 500.0,
    "f_max": 1000.0,
    "c_min": 10.0,
    "c_max": 50.0,
    "tau_max": 0.4,
    "base_capacity_factor": 1.2,
    "cap_fluctuation": 0.2,
    "seed": 3653403230
  },
  "I": [
    0,
    1,
    2,
    3,
    4
  ],
  "J": [
    0,
    1,
    2,
    3,
    4
  ],
  "f": {
    "0": 727.9662576653599,
    "1": 657.9698492698624,
    "2": 513.258531591266,
    "3": 911.5709627658783,
    "4": 785.6004642852938
  },
  "a": {
    "0": 1.4116666666666664,
    "1": 1.4466666666666665,
    "2": 0.7233333333333333,
    "3": 1.75,
    "4": 0.8633333333333333
  },
  "b": {
    "0": 149.23333333333332,
    "1": 152.93333333333334,
    "2": 76.46666666666667,
    "3": 185.0,
    "4": 91.26666666666667
  },
  "base_demand": {
    "0": 121.0,
    "1": 124.0,
    "2": 62.0,
    "3": 150.0,
    "4": 74.0
  },
  "tau_max": 0.4,
  "base_capacity_factor": 1.2,
  "cap_fluctuation": 0.2,
  "base_capacity": {
    "0": 124.0,
    "1": 120.0,
    "2": 115.0,
    "3": 138.0,
    "4": 133.0
  },
  "customer_coords": {
    "0": [
      67.33315740148804,
      54.24401692377649
    ],
    "1": [
      3.8826082505345028,
      48.32652246957786
    ],
    "2": [
      72.52434243891966,
      57.36478947542268
    ],
    "3": [
      89.48088231986547,
      83.76805655990857
    ],
    "4": [
      63.28190885767603,
      89.204328712676
    ]
  },
  "facility_coords": {
    "0": [
      35.66559758466723,
      0.003049500031260255
    ],
    "1": [
      58.364433299820284,
      96.93144818523473
    ],
    "2": [
      57.768787932589426,
      45.65866127849642
    ],
    "3": [
      89.64708420301083,
      96.7771959261353
    ],
    "4": [
      1.1342803722783512,
      57.60485867641406
    ]
  },
  "c": {
    "0,0": 17.539755117497002,
    "0,1": 14.354768535015243,
    "0,2": 3.5446019374040474,
    "0,3": 13.897020445253624,
    "0,4": 20.72318732675572,
    "1,0": 18.573825050680682,
    "1,1": 22.88821423894915,
    "1,2": 16.080421195590198,
    "1,3": 27.52104839112033,
    "1,4": 2.7111366382084623,
    "2,0": 20.26440917749332,
    "2,1": 11.84305960027598,
    "2,2": 5.314223485204058,
    "2,3": 14.013794699133104,
    "2,4": 22.285759451415444,
    "3,0": 29.155676701065378,
    "3,1": 9.37204502375959,
    "3,2": 13.741396966465263,
    "3,3": 3.9063983102600357,
    "3,4": 26.153504765696614,
    "4,0": 27.92566397541066,
    "4,1": 2.546009787228407,
    "4,2": 11.920932303024319,
    "4,3": 8.189463906781995,
    "4,4": 18.988950273791197
  }
}