{
  "config": {
    "n_customers": 5,
    "n_facilities": 10,
    "p_min": 20.0,
    "p_max": 80.0,
    "gamma": 0.3,
    "base_demand_min": 50,
    "base_demand_max": 150,
    "f_min": 500.0,
    "f_max": 1000.0,
    "c_min": 10.0,
    "c_max": 50.0,
    "tau_max": 0.4,
    "base_capacity_factor": 1.2,
    "cap_fluctuation": 0.2,
    "seed": 1191196491
  },
  "I": [
    0,
    1,
    2,
    3,
    4
  ],
  "J": [
    0,
    1,
    2,
    3,
    4,
    5,
    6,
    7,
    8,
    9
  ],
  "f": {
    "0": 816.8011043923682,
    "1": 622.2001526755897,
    "2": 719.7923946636854,
    "3": 544.4368653964216,
    "4": 629.5491427340294,
    "5": 523.3310116736398,
    "6": 863.8774473644803,
    "7": 713.1552373258497,
    "8": 730.8879642591024,
    "9": 950.3499448094861
  },
  "a": {
    "0": 1.6916666666666667,
    "1": 1.2366666666666666,
    "2": 1.6216666666666666,
    "3": 1.3649999999999998,
    "4": 1.3883333333333332
  },
  "b": {
    "0": 178.83333333333334,
    "1": 130.73333333333332,
    "2": 171.43333333333334,
    "3": 144.3,
    "4": 146.76666666666665
  },
  "base_demand": {
    "0": 145.0,
    "1": 106.0,
    "2": 139.0,
    "3": 117.0,
    "4": 119.0
  },
  "tau_max": 0.4,
  "base_capacity_factor": 1.2,
  "cap_fluctuation": 0.2,
  "base_capacity": {
    "0": 80.0,
    "1": 63.0,
    "2": 89.0,
    "3": 62.0,
    "4": 85.0,
    "5": 86.0,
    "6": 68.0,
    "7": 62.0,
    "8": 79.0,
    "9": 68.0
  },
  "customer_coords": {
    "0": [
      90.77515035694364,
      55.74326977442207
    ],
    "1": [
      40.844187889247884,
      16.461232318953513
    ],
    "2": [
      26.297025187531265,
      23.409640924530695
    ],
    "3": [
      23.23385090964143,
      46.83992535935345
    ],
    "4": [
      30.706020488453987,
      76.45126986589618
    ]
  },
  "facility_coords": {
    "0": [
      81.6031208467795,
      27.70789407205817
    ],
    "1": [
      63.32445234548898,
      59.83822680020741
    ],
    "2": [
      29.50101429552453,
      37.55304929758994
    ],
    "3": [
      99.86135394466784,
      12.570775376494314
    ],
    "4": [
      79.98993601375861,
      39.646171173120734
    ],
    "5": [
      21.003677603050075,
      92.30304966160968
    ],
    "6": [
      65.82518692187843,
      93.03193909832387
    ],
    "7": [
      44.792657487744414,
      46.81007121081571
    ],
    "8": [
      74.70641149163278,
      40.66609953845721
    ],
    "9": [
      63.50787364168554,
      58.58555805372511
    ]
  },
  "c": {
    "0,0": 8.067367183903324,
    "0,1": 9.131370344187442,
    "0,2": 20.74909815852506,
    "0,3": 12.909984949501887,
    "0,4": 6.196673666548541,
    "0,5": 25.688061373891493,
    "0,6": 12.346330257317314,
    "0,7": 15.209934177196837,
    "0,8": 6.383102508027864,
    "0,9": 7.804230162472356,
    "1,0": 12.037289822248116,
    "1,1": 13.326032465809622,
    "1,2": 7.11592555079113,
    "1,3": 19.11875206095765,
    "1,4": 13.52317814499196,
    "1,5": 25.41900471682991,
    "1,6": 22.0658043357349,
    "1,7": 9.238905715801929,
    "1,8": 13.722727936862576,
    "1,9": 14.477711550273126,
    "2,0": 15.17262044444666,
    "2,1": 16.646341560713243,
    "2,2": 4.309906883320563,
    "2,3": 21.077071152373037,
    "2,4": 16.007876094351015,
    "2,5": 19.784235569004537,
    "2,6": 25.365501237479513,
    "2,7": 8.898169844385166,
    "2,8": 15.865323571515942,
    "2,9": 14.867458704426417,
    "3,0": 19.859301042608564,
    "3,1": 12.384925388910565,
    "3,2": 3.0997965406560817,
    "3,3": 24.10731889450608,
    "3,4": 16.772233684616875,
    "3,5": 13.314252411905574,
    "3,6": 17.100456702287033,
    "3,7": 6.5126699206211445,
    "3,8": 14.259118317918716,
    "3,9": 13.67358976034956,
    "4,0": 19.221392716205035,
    "4,1": 11.805875035847295,
    "4,2": 12.813867954837209,
    "4,3": 30.798504060621898,
    "4,4": 16.904281991462547,
    "4,5": 5.239276287232911,
    "4,6": 11.316310489459632,
    "4,7": 8.931995526019822,
    "4,8": 16.0049618651418,
    "4,9": 11.696481155596583
  }
}