{
  "config": {
    "n_customers": 5,
    "n_facilities": 10,
    "p_min": 20.0,
    "p_max": 80.0,
    "gamma": 0.3,
    "base_demand_min": 50,
    "base_demand_max": 150,
    "f_min": 500.0,
    "f_max": 1000.0,
    "c_min": 10.0,
    "c_max": 50.0,
    "tau_max": 0.4,
    "base_capacity_factor": 1.2,
    "cap_fluctuation": 0.2,
    "seed": 2163061374
  },
  "I": [
    0,
    1,
    2,
    3,
    4
  ],
  "J": [
    0,
    1,
    2,
    3,
    4,
    5,
    6,
    7,
    8,
    9
  ],
  "f": {
    "0": 516.4862951619778,
    "1": 759.7561392035495,
    "2": 688.0332483607215,
    "3": 927.487031807264,
    "4": 879.3694622313925,
    "5": 714.155137441053,
    "6": 992.0409959102253,
    "7": 840.0409829181395,
    "8": 555.8809936998998,
    "9": 887.6903147400948
  },
  "a": {
    "0": 1.505,
    "1": 0.84,
    "2": 1.0733333333333333,
    "3": 0.8633333333333333,
    "4": 1.4699999999999998
  },
  "b": {
    "0": 159.1,
    "1": 88.8,
    "2": 113.46666666666667,
    "3": 91.26666666666667,
    "4": 155.4
  },
  "base_demand": {
    "0": 129.0,
    "1": 72.0,
    "2": 92.0,
    "3": 74.0,
    "4": 126.0
  },
  "tau_max": 0.4,
  "base_capacity_factor": 1.2,
  "cap_fluctuation": 0.2,
  "base_capacity": {
    "0": 58.0,
    "1": 64.0,
    "2": 66.0,
    "3": 47.0,
    "4": 64.0,
    "5": 47.0,
    "6": 56.0,
    "7": 55.0,
    "8": 52.0,
    "9": 58.0
  },
  "customer_coords": {
    "0": [
      14.768468506498333,
      12.90158529076183
    ],
    "1": [
      17.521958207651767,
      49.19149620539693
    ],
    "2": [
      77.84573660708313,
      29.091810288424767
    ],
    "3": [
      37.12892069604965,
      79.33261490309468
    ],
    "4": [
      55.998512817453374,
      97.15608757335417
    ]
  },
  "facility_coords": {
    "0": [
      7.570633959283968,
      0.778470956536037
    ],
    "1": [
      71.47712522425978,
      34.92905066486721
    ],
    "2": [
      52.52093326007684,
      2.6595164931872417
    ],
    "3": [
      32.06169514102254,
      84.19093410935959
    ],
    "4": [
      94.68404002715,
      4.2658640011923215
    ],
    "5": [
      20.334939984196374,
      36.68594358851072
    ],
    "6": [
      98.07295440103309,
      54.193009005154124
    ],
    "7": [
      59.55607830020993,
      71.47201280220337
    ],
    "8": [
      5.5521946449329285,
      9.82905433995256
    ],
    "9": [
      38.12164237145168,
      27.30756377921416
    ]
  },
  "c": {
    "0,0": 4.198205199895751,
    "0,1": 17.156921580704047,
    "0,2": 10.911967481915974,
    "0,3": 21.827305539308234,
    "0,4": 24.916439647757457,
    "0,5": 6.806713325348354,
    "0,6": 27.24019430161778,
    "0,7": 21.426306307018297,
    "0,8": 2.85614548113054,
    "0,9": 8.113000143532497,
    "1,0": 15.574226057789037,
    "1,1": 16.615822290162136,
    "1,2": 16.040852190953668,
    "1,3": 12.270107068155117,
    "1,4": 25.118407084224,
    "1,5": 3.7086176216112974,
    "1,6": 24.783851240398352,
    "1,7": 13.439898980747568,
    "1,8": 11.565795670259435,
    "1,9": 9.553204631228827,
    "2,0": 20.95855641107927,
    "2,1": 2.771997318352467,
    "2,2": 12.071704219039498,
    "2,3": 22.879982282173696,
    "2,4": 8.6316712488237,
    "2,5": 17.893232662318148,
    "2,6": 9.431908721248183,
    "2,7": 13.134831701292546,
    "2,8": 21.212046822667723,
    "2,9": 10.824558966260282,
    "3,0": 24.995782553927526,
    "3,1": 17.13270811312188,
    "3,2": 24.271184594746682,
    "3,3": 1.9451438303482258,
    "3,4": 26.913162915901708,
    "3,5": 13.381028391764012,
    "3,6": 21.61545263317854,
    "3,7": 7.269255332556709,
    "3,8": 24.721778918570696,
    "3,9": 15.103156830145105,
    "4,0": 31.55332721958978,
    "4,1": 18.303692743272755,
    "4,2": 25.732173423733407,
    "4,3": 8.966375554147758,
    "4,4": 28.23381760620327,
    "4,5": 22.182497098482294,
    "4,6": 19.460904568663683,
    "4,7": 8.495300841247339,
    "4,8": 33.03915420867754,
    "4,9": 20.128186995009987
  }
}